Date,STYETH
2025-10-06T15:00:00,2.858
2025-10-05T15:00:00,2.8588
2025-10-04T15:00:00,2.8587
2025-10-03T15:00:00,2.8835
2025-10-02T15:00:00,2.903
2025-10-01T15:00:00,2.8901
2025-09-30T15:00:00,2.9056
2025-09-29T15:00:00,2.874
2025-09-28T15:00:00,2.8489
2025-09-27T15:00:00,2.8754
2025-09-26T15:00:00,2.9052
2025-09-25T15:00:00,2.9008
2025-09-24T15:00:00,2.8834
2025-09-23T15:00:00,2.8829
2025-09-22T15:00:00,2.8692
2025-09-21T15:00:00,2.8437
2025-09-20T15:00:00,2.8556
2025-09-19T15:00:00,2.8836
2025-09-18T15:00:00,2.9078
2025-09-17T15:00:00,2.8782
2025-09-16T15:00:00,2.8902
2025-09-15T15:00:00,2.8775
2025-09-14T15:00:00,2.8526
2025-09-13T15:00:00,2.8739
2025-09-12T15:00:00,2.8769
2025-09-11T15:00:00,2.8666
2025-09-10T15:00:00,2.8492
2025-09-09T15:00:00,2.8878
2025-09-08T15:00:00,2.8738
2025-09-07T15:00:00,2.8461
2025-09-06T15:00:00,2.8559
2025-09-05T15:00:00,2.9023
2025-09-04T15:00:00,2.8998
2025-09-03T15:00:00,2.8949
2025-09-02T15:00:00,2.9182
2025-09-01T15:00:00,2.8989
2025-08-31T15:00:00,2.8627
2025-08-30T15:00:00,2.8681
2025-08-29T15:00:00,2.9106
2025-08-28T15:00:00,2.9197
2025-08-27T15:00:00,2.9155
2025-08-26T15:00:00,2.9185
2025-08-25T15:00:00,2.9213
2025-08-24T15:00:00,2.87
2025-08-23T15:00:00,2.9268
2025-08-22T15:00:00,2.9133
2025-08-21T15:00:00,2.9235
2025-08-20T15:00:00,2.9252
2025-08-19T15:00:00,2.937
2025-08-18T15:00:00,2.927
2025-08-17T15:00:00,2.874
2025-08-16T15:00:00,2.9027
2025-08-15T15:00:00,2.9283
2025-08-14T15:00:00,3.0136
2025-08-13T15:00:00,3.0298
2025-08-12T15:00:00,2.9509
2025-08-11T15:00:00,2.9419
2025-08-10T15:00:00,2.9215
2025-08-09T15:00:00,2.9443
2025-08-08T15:00:00,2.9305
2025-08-07T15:00:00,2.9316
2025-08-06T15:00:00,2.9322
2025-08-05T15:00:00,2.9257
2025-08-04T15:00:00,2.8894
2025-08-03T15:00:00,2.8837
2025-08-02T15:00:00,2.9001
2025-08-01T15:00:00,2.9318
2025-07-31T15:00:00,2.9473
2025-07-30T15:00:00,2.9644
2025-07-29T15:00:00,2.9472
2025-07-28T15:00:00,2.9216
2025-07-27T15:00:00,2.8843
2025-07-26T15:00:00,2.8827
2025-07-25T15:00:00,2.964
2025-07-24T15:00:00,2.987
2025-07-23T15:00:00,2.9733
2025-07-22T15:00:00,2.9992
2025-07-21T15:00:00,3.0225
2025-07-20T15:00:00,2.9557
2025-07-19T15:00:00,2.9264
2025-07-18T15:00:00,3.0943
2025-07-17T15:00:00,3.0963
2025-07-16T15:00:00,3.0562
2025-07-15T15:00:00,3.0225
2025-07-14T15:00:00,3.0475
2025-07-13T15:00:00,2.9132
2025-07-12T15:00:00,2.9656
2025-07-11T15:00:00,3.096
2025-07-10T15:00:00,3.0168
2025-07-09T15:00:00,2.9894
2025-07-08T15:00:00,2.9931
2025-07-07T15:00:00,2.9731
2025-07-06T15:00:00,2.9292
2025-07-05T15:00:00,2.909
2025-07-04T15:00:00,2.9438
2025-07-03T15:00:00,2.9975
2025-07-02T15:00:00,2.9836
2025-07-01T15:00:00,3.0179
2025-06-30T15:00:00,2.9644
2025-06-29T15:00:00,2.9114
2025-06-28T15:00:00,2.9117
2025-06-27T15:00:00,3.0325
2025-06-26T15:00:00,3.0201
2025-06-25T15:00:00,3.0345
2025-06-24T15:00:00,3.1397
2025-06-23T15:00:00,3.0728
2025-06-22T15:00:00,2.9868
2025-06-21T15:00:00,2.9195
2025-06-20T15:00:00,2.994
2025-06-19T15:00:00,3.0316
2025-06-18T15:00:00,2.9845
2025-06-17T15:00:00,3.0033
2025-06-16T15:00:00,2.9565
2025-06-15T15:00:00,2.9206
2025-06-14T15:00:00,2.9539
2025-06-13T15:00:00,3.0806
2025-06-12T15:00:00,3.1125
2025-06-11T15:00:00,3.1345
2025-06-10T15:00:00,3.0539
2025-06-09T15:00:00,2.9756
2025-06-08T15:00:00,2.9625
2025-06-07T15:00:00,3.0045
2025-06-06T15:00:00,3.034
2025-06-05T15:00:00,3.05
2025-06-04T15:00:00,3.045
2025-06-03T15:00:00,3.065
2025-06-02T15:00:00,3.0444
2025-06-01T15:00:00,2.9862
2025-05-31T15:00:00,3.026
2025-05-30T15:00:00,3.1343
2025-05-29T15:00:00,3.0996
2025-05-28T15:00:00,3.1096
2025-05-27T15:00:00,3.0645
2025-05-26T15:00:00,3.0129
2025-05-25T15:00:00,2.994
2025-05-24T15:00:00,2.993
2025-05-23T15:00:00,3.1253
2025-05-22T15:00:00,3.139
2025-05-21T15:00:00,3.0329
2025-05-20T15:00:00,3.0452
2025-05-19T15:00:00,3.0447
2025-05-18T15:00:00,2.9504
2025-05-17T15:00:00,3.0327
2025-05-16T15:00:00,3.0687
2025-05-15T15:00:00,3.0554
2025-05-14T15:00:00,3.1312
2025-05-13T15:00:00,3.1195
2025-05-12T15:00:00,3.1853
2025-05-11T15:00:00,3.1938
2025-05-10T15:00:00,3.1241
2025-05-09T15:00:00,3.1617
2025-05-08T15:00:00,2.9872
2025-05-07T15:00:00,2.9538
2025-05-06T15:00:00,2.968
2025-05-05T15:00:00,2.9695
2025-05-04T15:00:00,2.9404
2025-05-03T15:00:00,2.9602
2025-05-02T15:00:00,2.9731
2025-05-01T15:00:00,2.9649
2025-04-30T15:00:00,2.9825
2025-04-29T15:00:00,3.0067
2025-04-28T15:00:00,2.9774
2025-04-27T15:00:00,2.9673
2025-04-26T15:00:00,2.9983
2025-04-25T15:00:00,3.0464
2025-04-24T15:00:00,3.0766
2025-04-23T15:00:00,3.1086
2025-04-22T15:00:00,3.0153
2025-04-21T15:00:00,3.0019
2025-04-20T15:00:00,2.9551
2025-04-19T15:00:00,2.9472
2025-04-18T15:00:00,2.9889
2025-04-17T15:00:00,3.0024
2025-04-16T15:00:00,3.0187
2025-04-15T15:00:00,3.0207
2025-04-14T15:00:00,3.0982
2025-04-13T15:00:00,3.0069
2025-04-12T15:00:00,3.0587
2025-04-11T15:00:00,3.0871
2025-04-10T15:00:00,3.1241
2025-04-09T15:00:00,3.1018
2025-04-08T15:00:00,3.0912
2025-04-07T15:00:00,3.2559
2025-04-06T15:00:00,2.9461
2025-04-05T15:00:00,2.9573
2025-04-04T15:00:00,3.0223
2025-04-03T15:00:00,3.0505
2025-04-02T15:00:00,3.0298
2025-04-01T15:00:00,3.0547
2025-03-31T15:00:00,3.0195
2025-03-30T15:00:00,2.9576
2025-03-29T16:00:00,2.9802
2025-03-28T16:00:00,3.0126
2025-03-27T16:00:00,3.0197
2025-03-26T16:00:00,2.9986
2025-03-25T16:00:00,2.9973
2025-03-24T16:00:00,2.9969
2025-03-23T16:00:00,2.9564
2025-03-22T16:00:00,2.9748
2025-03-21T16:00:00,3.0044
2025-03-20T16:00:00,3.0442
2025-03-19T16:00:00,3.0019
2025-03-18T16:00:00,2.9963
2025-03-17T16:00:00,2.9949
2025-03-16T16:00:00,2.9704
2025-03-15T16:00:00,2.9572
2025-03-14T16:00:00,3.0048
2025-03-13T16:00:00,3.0146
2025-03-12T16:00:00,3.0891
2025-03-11T16:00:00,3.175
2025-03-10T16:00:00,3.0783
2025-03-09T16:00:00,2.9611
2025-03-08T16:00:00,3.0067
2025-03-07T16:00:00,3.0547
2025-03-06T16:00:00,3.0393
2025-03-05T16:00:00,3.0336
2025-03-04T16:00:00,3.1246
2025-03-03T16:00:00,3.0806
2025-03-02T16:00:00,2.9694
2025-03-01T16:00:00,3.0029
2025-02-28T16:00:00,3.1647
2025-02-27T16:00:00,3.0229
2025-02-26T16:00:00,3.0222
2025-02-25T16:00:00,3.1509
2025-02-24T16:00:00,3.0079
2025-02-23T16:00:00,2.9816
2025-02-22T16:00:00,3.0041
2025-02-21T16:00:00,3.0108
2025-02-20T16:00:00,3.0117
2025-02-19T16:00:00,3.0146
2025-02-18T16:00:00,3.0836
2025-02-17T16:00:00,3.0081
2025-02-16T16:00:00,2.9562
2025-02-15T16:00:00,2.9648
2025-02-14T16:00:00,3.013
2025-02-13T16:00:00,3.0782
2025-02-12T16:00:00,3.0328
2025-02-11T16:00:00,3.1002
2025-02-10T16:00:00,3.0455
2025-02-09T16:00:00,2.999
2025-02-08T16:00:00,3.0258
2025-02-07T16:00:00,3.0659
2025-02-06T16:00:00,3.06
2025-02-05T16:00:00,3.091
2025-02-04T16:00:00,3.1672
2025-02-03T16:00:00,3.4717
2025-02-02T16:00:00,3.0527
2025-02-01T16:00:00,3.0357
2025-01-31T16:00:00,3.0453
2025-01-30T16:00:00,3.0648
2025-01-29T16:00:00,3.054
2025-01-28T16:00:00,3.0837
2025-01-27T16:00:00,3.1583
2025-01-26T16:00:00,3.0328
2025-01-25T16:00:00,3.0702
2025-01-24T16:00:00,3.1792
2025-01-23T16:00:00,3.1253
2025-01-22T16:00:00,3.1709
2025-01-21T16:00:00,3.2507
2025-01-20T16:00:00,3.4024
2025-01-19T16:00:00,3.2874
2025-01-18T16:00:00,3.2188
2025-01-17T16:00:00,3.1204
2025-01-16T16:00:00,3.1228
2025-01-15T16:00:00,3.1094
2025-01-14T16:00:00,3.1256
2025-01-13T16:00:00,3.0841
2025-01-12T16:00:00,3.0096
2025-01-11T16:00:00,3.0039
2025-01-10T16:00:00,3.111
2025-01-09T16:00:00,3.1488
2025-01-08T16:00:00,3.1555
2025-01-07T16:00:00,3.1354
2025-01-06T16:00:00,3.1668
2025-01-05T16:00:00,3.0823
2025-01-04T16:00:00,3.1589
2025-01-03T16:00:00,3.1404
2025-01-02T16:00:00,3.205
2025-01-01T16:00:00,3.1629
2024-12-31T16:00:00,3.1982
2024-12-30T16:00:00,3.0628
2024-12-29T16:00:00,3.0269
2024-12-28T16:00:00,3.0567
2024-12-27T16:00:00,3.0771
2024-12-26T16:00:00,3.0569
2024-12-25T16:00:00,3.0382
2024-12-24T16:00:00,3.0957
2024-12-23T16:00:00,3.0724
2024-12-22T16:00:00,3.0858
2024-12-21T16:00:00,3.102
2024-12-20T16:00:00,3.3132
2024-12-19T16:00:00,3.1747
2024-12-18T16:00:00,3.1578
2024-12-17T16:00:00,3.168
2024-12-16T16:00:00,3.1426
2024-12-15T16:00:00,3.0573
2024-12-14T16:00:00,3.0843
2024-12-13T16:00:00,3.1736
2024-12-12T16:00:00,3.199
2024-12-11T16:00:00,3.1784
2024-12-10T16:00:00,3.293
2024-12-09T16:00:00,3.1539
2024-12-08T16:00:00,3.0804
2024-12-07T16:00:00,3.1188
2024-12-06T16:00:00,3.2646
2024-12-05T16:00:00,3.2202
2024-12-04T16:00:00,3.2687
2024-12-03T16:00:00,3.2781
2024-12-02T16:00:00,3.1838
2024-12-01T16:00:00,3.1004
2024-11-30T16:00:00,3.0878
2024-11-29T16:00:00,3.0747
2024-11-28T16:00:00,3.1488
2024-11-27T16:00:00,3.2164
2024-11-26T16:00:00,3.2038
2024-11-25T16:00:00,3.1667
2024-11-24T16:00:00,3.1233
2024-11-23T16:00:00,3.1894
2024-11-22T16:00:00,3.181
2024-11-21T16:00:00,3.2685
2024-11-20T16:00:00,3.2483
2024-11-19T16:00:00,3.3064
2024-11-18T16:00:00,3.2448
2024-11-17T16:00:00,3.1745
2024-11-16T16:00:00,3.2745
2024-11-15T16:00:00,3.3287
2024-11-14T16:00:00,3.5852
2024-11-13T16:00:00,3.5236
2024-11-12T16:00:00,3.4938
2024-11-11T16:00:00,3.3154
2024-11-10T16:00:00,3.2575
2024-11-09T16:00:00,3.2317
2024-11-08T16:00:00,3.3201
2024-11-07T16:00:00,3.2963
2024-11-06T16:00:00,3.3536
2024-11-05T16:00:00,3.1562
2024-11-04T16:00:00,3.1323
2024-11-03T16:00:00,3.1887
2024-11-02T16:00:00,3.0745
2024-11-01T16:00:00,3.1645
2024-10-31T16:00:00,3.179
2024-10-30T16:00:00,3.3147
2024-10-29T16:00:00,3.2127
2024-10-28T16:00:00,3.1279
2024-10-27T16:00:00,3.0787
2024-10-26T15:00:00,3.1207
2024-10-25T15:00:00,3.1839
2024-10-24T15:00:00,3.1889
2024-10-23T15:00:00,3.211
2024-10-22T15:00:00,3.1873
2024-10-21T15:00:00,3.1539
2024-10-20T15:00:00,3.1211
2024-10-19T15:00:00,3.1502
2024-10-18T15:00:00,3.308
2024-10-17T15:00:00,3.28
2024-10-16T15:00:00,3.301
2024-10-15T15:00:00,3.3475
2024-10-14T15:00:00,3.3948
2024-10-13T15:00:00,3.3144
2024-10-12T15:00:00,3.3551
2024-10-11T15:00:00,3.4407
2024-10-10T15:00:00,3.4214
2024-10-09T15:00:00,3.4979
2024-10-08T15:00:00,3.4746
2024-10-07T15:00:00,3.3428
2024-10-06T15:00:00,3.3377
2024-10-05T15:00:00,3.1997
2024-10-04T15:00:00,3.2047
2024-10-03T15:00:00,3.2661
2024-10-02T15:00:00,3.2205
2024-10-01T15:00:00,3.3296
2024-09-30T15:00:00,3.2139
2024-09-29T15:00:00,3.1651
2024-09-28T15:00:00,3.1771
2024-09-27T15:00:00,3.393
2024-09-26T15:00:00,3.4545
2024-09-25T15:00:00,3.5598
2024-09-24T15:00:00,3.527
2024-09-23T15:00:00,3.5942
2024-09-22T15:00:00,3.3575
2024-09-21T15:00:00,3.5237
2024-09-20T15:00:00,3.3964
2024-09-19T15:00:00,3.5319
2024-09-18T15:00:00,3.4157
2024-09-17T15:00:00,3.1827
2024-09-16T15:00:00,3.2463
2024-09-15T15:00:00,3.052
2024-09-14T15:00:00,3.0817
2024-09-13T15:00:00,3.1191
2024-09-12T15:00:00,3.1842
2024-09-11T15:00:00,3.1855
2024-09-10T15:00:00,3.2894
2024-09-09T15:00:00,3.1038
2024-09-08T15:00:00,3.0213
2024-09-07T15:00:00,3.1689
2024-09-06T15:00:00,3.2391
2024-09-05T15:00:00,3.2998
2024-09-04T15:00:00,3.1284
2024-09-03T15:00:00,3.1433
2024-09-02T15:00:00,3.0136
2024-09-01T15:00:00,2.9553
2024-08-31T15:00:00,2.9606
2024-08-30T15:00:00,3.023
2024-08-29T15:00:00,3.0426
2024-08-28T15:00:00,3.0827
2024-08-27T15:00:00,3.0342
2024-08-26T15:00:00,3.0095
2024-08-25T15:00:00,3.006
2024-08-24T15:00:00,3.0146
2024-08-23T15:00:00,3.0035
2024-08-22T15:00:00,3.0766
2024-08-21T15:00:00,3.0041
2024-08-20T15:00:00,3.1302
2024-08-19T15:00:00,3.0465
2024-08-18T15:00:00,3.0617
2024-08-17T15:00:00,3.0179
2024-08-16T15:00:00,3.1018
2024-08-15T15:00:00,3.2304
2024-08-14T15:00:00,3.2027
2024-08-13T15:00:00,3.1884
2024-08-12T15:00:00,3.2691
2024-08-11T15:00:00,3.0577
2024-08-10T15:00:00,3.1545
2024-08-09T15:00:00,3.2786
2024-08-08T15:00:00,3.31
2024-08-07T15:00:00,3.1697
2024-08-06T15:00:00,3.2105
2024-08-05T15:00:00,3.6546
2024-08-04T15:00:00,3.0536
2024-08-03T15:00:00,3.0823
2024-08-02T15:00:00,3.2407
2024-08-01T15:00:00,3.3221
2024-07-31T15:00:00,3.2705
2024-07-30T15:00:00,3.2254
2024-07-29T15:00:00,3.1305
2024-07-28T15:00:00,3.181
2024-07-27T15:00:00,3.0878
2024-07-26T15:00:00,3.1528
2024-07-25T15:00:00,3.225
2024-07-24T15:00:00,3.1813
2024-07-23T15:00:00,3.2369
2024-07-22T15:00:00,3.3218
2024-07-21T15:00:00,3.0666
2024-07-20T15:00:00,3.202
2024-07-19T15:00:00,3.3817
2024-07-18T15:00:00,3.3712
2024-07-17T15:00:00,3.4102
2024-07-16T15:00:00,3.3321
2024-07-15T15:00:00,3.2185
2024-07-14T15:00:00,3.1839
2024-07-13T15:00:00,3.118
2024-07-12T15:00:00,3.1681
2024-07-11T15:00:00,3.2284
2024-07-10T15:00:00,3.3135
2024-07-09T15:00:00,3.1792
2024-07-08T15:00:00,3.1583
2024-07-07T15:00:00,3.0588
2024-07-06T15:00:00,3.1039
2024-07-05T15:00:00,3.2546
2024-07-04T15:00:00,3.2846
2024-07-03T15:00:00,3.273
2024-07-02T15:00:00,3.2047
2024-07-01T15:00:00,3.2268
2024-06-30T15:00:00,3.1172
2024-06-29T15:00:00,3.0862
2024-06-28T15:00:00,3.2447
2024-06-27T15:00:00,3.261
2024-06-26T15:00:00,3.1839
2024-06-25T15:00:00,3.2512
2024-06-24T15:00:00,3.2011
2024-06-23T15:00:00,3.1437
2024-06-22T15:00:00,3.1214
2024-06-21T15:00:00,3.2297
2024-06-20T15:00:00,3.3492
2024-06-19T15:00:00,3.2347
2024-06-18T15:00:00,3.3943
2024-06-17T15:00:00,3.2174
2024-06-16T15:00:00,3.2261
2024-06-15T15:00:00,3.1861
2024-06-14T15:00:00,3.2611
2024-06-13T15:00:00,3.3464
2024-06-12T15:00:00,3.3954
2024-06-11T15:00:00,3.4837
2024-06-10T15:00:00,3.3807
2024-06-09T15:00:00,3.3239
2024-06-08T15:00:00,3.3092
2024-06-07T15:00:00,3.5195
2024-06-06T15:00:00,3.5794
2024-06-05T15:00:00,3.4599
2024-06-04T15:00:00,3.3757
2024-06-03T15:00:00,3.5216
2024-06-02T15:00:00,3.4099
2024-06-01T15:00:00,3.3692
2024-05-31T15:00:00,3.3871
2024-05-30T15:00:00,3.3767
2024-05-29T15:00:00,3.405
2024-05-28T15:00:00,3.4828
2024-05-27T15:00:00,3.3758
2024-05-26T15:00:00,3.236
2024-05-25T15:00:00,3.2148
2024-05-24T15:00:00,3.3923
2024-05-23T15:00:00,3.3894
2024-05-22T15:00:00,3.3667
2024-05-21T15:00:00,3.4205
2024-05-20T15:00:00,3.1988
2024-05-19T15:00:00,3.1248
2024-05-18T15:00:00,3.1209
2024-05-17T15:00:00,3.1774
2024-05-16T15:00:00,3.222
2024-05-15T15:00:00,3.2041
2024-05-14T15:00:00,3.259
2024-05-13T15:00:00,3.1558
2024-05-12T15:00:00,3.0717
2024-05-11T15:00:00,3.093
2024-05-10T15:00:00,3.1203
2024-05-09T15:00:00,3.1477
2024-05-08T15:00:00,3.1641
2024-05-07T15:00:00,3.1696
2024-05-06T15:00:00,3.1523
2024-05-05T15:00:00,3.1172
2024-05-04T15:00:00,3.1618
2024-05-03T15:00:00,3.2079
2024-05-02T15:00:00,3.1937
2024-05-01T15:00:00,3.2066
2024-04-30T15:00:00,3.2386
2024-04-29T15:00:00,3.1936
2024-04-28T15:00:00,3.1868
2024-04-27T15:00:00,3.1666
2024-04-26T15:00:00,3.2362
2024-04-25T15:00:00,3.3632
2024-04-24T15:00:00,3.4446
2024-04-23T15:00:00,3.3281
2024-04-22T15:00:00,3.3203
2024-04-21T15:00:00,3.1829
2024-04-20T15:00:00,3.1776
2024-04-19T15:00:00,3.2701
2024-04-18T15:00:00,3.267
2024-04-17T15:00:00,3.2881
2024-04-16T15:00:00,3.2815
2024-04-15T15:00:00,3.2645
2024-04-14T15:00:00,3.3826
2024-04-13T15:00:00,3.2741
2024-04-12T15:00:00,3.313
2024-04-11T15:00:00,3.3299
2024-04-10T15:00:00,3.341
2024-04-09T15:00:00,3.3868
2024-04-08T15:00:00,3.4077
2024-04-07T15:00:00,3.3476
2024-04-06T15:00:00,3.3606
2024-04-05T15:00:00,3.4523
2024-04-04T15:00:00,3.5333
2024-04-03T15:00:00,3.5082
2024-04-02T15:00:00,3.5424
2024-04-01T15:00:00,3.3332
2024-03-31T15:00:00,3.325
2024-03-30T16:00:00,3.3212
2024-03-29T16:00:00,3.4317
2024-03-28T16:00:00,3.3533
2024-03-27T16:00:00,3.3982
2024-03-26T16:00:00,3.4057
2024-03-25T16:00:00,3.2922
2024-03-24T16:00:00,3.2343
2024-03-23T16:00:00,3.2591
2024-03-22T16:00:00,3.3835
2024-03-21T16:00:00,3.3886
2024-03-20T16:00:00,3.4124
2024-03-19T16:00:00,3.4973
2024-03-18T16:00:00,3.3738
2024-03-17T16:00:00,3.3796
2024-03-16T16:00:00,3.4116
2024-03-15T16:00:00,3.5622
2024-03-14T16:00:00,3.5035
2024-03-13T16:00:00,3.5705
2024-03-12T16:00:00,3.6749
2024-03-11T16:00:00,3.7331
2024-03-10T16:00:00,3.6013
2024-03-09T16:00:00,3.5098
2024-03-08T16:00:00,3.667
2024-03-07T16:00:00,3.6916
2024-03-06T16:00:00,3.8574
2024-03-05T16:00:00,3.8973
2024-03-04T16:00:00,3.6929
2024-03-03T16:00:00,3.4596
2024-03-02T16:00:00,3.601
2024-03-01T16:00:00,3.4972
2024-02-29T16:00:00,3.6387
2024-02-28T16:00:00,3.5531
2024-02-27T16:00:00,3.5857
2024-02-26T16:00:00,3.4217
2024-02-25T16:00:00,3.3539
2024-02-24T16:00:00,3.3865
2024-02-23T16:00:00,3.4849
2024-02-22T16:00:00,3.4796
2024-02-21T16:00:00,3.4603
2024-02-20T16:00:00,3.5358
2024-02-19T16:00:00,3.4815
2024-02-18T16:00:00,3.4185
2024-02-17T16:00:00,3.3409
2024-02-16T16:00:00,3.5685
2024-02-15T16:00:00,3.4646
2024-02-14T16:00:00,3.5485
2024-02-13T16:00:00,3.6041
2024-02-12T16:00:00,3.49
2024-02-11T16:00:00,3.529
2024-02-10T16:00:00,3.6994
2024-02-09T16:00:00,3.9349
2024-02-08T16:00:00,3.8239
2024-02-07T16:00:00,3.5053
2024-02-06T16:00:00,3.5088
2024-02-05T16:00:00,3.3231
2024-02-04T16:00:00,3.3771
2024-02-03T16:00:00,3.4233
2024-02-02T16:00:00,3.5922
2024-02-01T16:00:00,3.5088
2024-01-31T16:00:00,3.6571
2024-01-30T16:00:00,3.5984
2024-01-29T16:00:00,3.3841
2024-01-28T16:00:00,3.3347
2024-01-27T16:00:00,3.3847
2024-01-26T16:00:00,3.5749
2024-01-25T16:00:00,3.5357
2024-01-24T16:00:00,3.4441
2024-01-23T16:00:00,3.4699
2024-01-22T16:00:00,3.3757
2024-01-21T16:00:00,3.4927
2024-01-20T16:00:00,3.4836
2024-01-19T16:00:00,3.7789
2024-01-18T16:00:00,3.6266
2024-01-17T16:00:00,3.8401
2024-01-16T16:00:00,3.7707
2024-01-15T16:00:00,3.5448
2024-01-14T16:00:00,3.6378
2024-01-13T16:00:00,3.5346
2024-01-12T16:00:00,3.4931
2024-01-11T16:00:00,3.6798
2024-01-10T16:00:00,3.592
2024-01-09T16:00:00,3.5633
2024-01-08T16:00:00,3.4196
2024-01-07T16:00:00,3.3202
2024-01-06T16:00:00,3.408
2024-01-05T16:00:00,3.4683
2024-01-04T16:00:00,3.6267
2024-01-03T16:00:00,3.5861
2024-01-02T16:00:00,3.513
2024-01-01T16:00:00,3.3834
2023-12-31T16:00:00,3.4032
2023-12-30T16:00:00,3.4641
2023-12-29T16:00:00,3.6384
2023-12-28T16:00:00,3.7191
2023-12-27T16:00:00,3.5895
2023-12-26T16:00:00,3.5177
2023-12-25T16:00:00,3.5235
2023-12-24T16:00:00,3.5491
2023-12-23T16:00:00,3.6004
2023-12-22T16:00:00,3.6671
2023-12-21T16:00:00,3.6515
2023-12-20T16:00:00,3.6369
2023-12-19T16:00:00,3.7435
2023-12-18T16:00:00,3.7624
2023-12-17T16:00:00,3.6259
2023-12-16T16:00:00,3.8515
2023-12-15T16:00:00,3.8792
2023-12-14T16:00:00,3.7214
2023-12-13T16:00:00,3.6595
2023-12-12T16:00:00,3.7345
2023-12-11T16:00:00,3.6493
2023-12-10T16:00:00,3.5816
2023-12-09T16:00:00,3.6614
2023-12-08T16:00:00,3.8076
2023-12-07T16:00:00,3.887
2023-12-06T16:00:00,3.8927
2023-12-05T16:00:00,3.912
2023-12-04T16:00:00,3.8721
2023-12-03T16:00:00,3.683
2023-12-02T16:00:00,3.8365
2023-12-01T16:00:00,3.8722
2023-11-30T16:00:00,3.9027
2023-11-29T16:00:00,3.9022
2023-11-28T16:00:00,3.8279
2023-11-27T16:00:00,3.8042
2023-11-26T16:00:00,3.5842
2023-11-25T16:00:00,3.6297
2023-11-24T16:00:00,3.6913
2023-11-23T16:00:00,3.8812
2023-11-22T16:00:00,3.8153
2023-11-21T16:00:00,3.6794
2023-11-20T16:00:00,3.6968
2023-11-19T16:00:00,3.5928
2023-11-18T16:00:00,3.7569
2023-11-17T16:00:00,3.7461
2023-11-16T16:00:00,3.837
2023-11-15T16:00:00,3.8457
2023-11-14T16:00:00,4.1362
2023-11-13T16:00:00,3.9631
2023-11-12T16:00:00,3.7733
2023-11-11T16:00:00,3.7839
2023-11-10T16:00:00,3.8961
2023-11-09T16:00:00,3.8085
2023-11-08T16:00:00,3.6886
2023-11-07T16:00:00,3.6956
2023-11-06T16:00:00,3.7517
2023-11-05T16:00:00,3.6316
2023-11-04T16:00:00,3.6624
2023-11-03T16:00:00,3.7231
2023-11-02T16:00:00,3.8056
2023-11-01T16:00:00,3.6591
2023-10-31T16:00:00,3.8235
2023-10-30T16:00:00,3.6785
2023-10-29T16:00:00,3.6268
2023-10-28T15:00:00,3.702
2023-10-27T15:00:00,3.7636
2023-10-26T15:00:00,3.8387
2023-10-25T15:00:00,3.6397
2023-10-24T15:00:00,3.8564
2023-10-23T15:00:00,3.6174
2023-10-22T15:00:00,3.5262
2023-10-21T15:00:00,3.5552
2023-10-20T15:00:00,3.6915
2023-10-19T15:00:00,3.5503
2023-10-18T15:00:00,3.5667
2023-10-17T15:00:00,3.6083
2023-10-16T15:00:00,3.5431
2023-10-15T15:00:00,3.4326
2023-10-14T15:00:00,3.4861
2023-10-13T15:00:00,3.5857
2023-10-12T15:00:00,3.5167
2023-10-11T15:00:00,3.5124
2023-10-10T15:00:00,3.5191
2023-10-09T15:00:00,3.5125
2023-10-08T15:00:00,3.4783
2023-10-07T15:00:00,3.5294
2023-10-06T15:00:00,3.5551
2023-10-05T15:00:00,3.5612
2023-10-04T15:00:00,3.6859
2023-10-03T15:00:00,3.7231
2023-10-02T15:00:00,3.7752
2023-10-01T15:00:00,3.5902
2023-09-30T15:00:00,3.6214
2023-09-29T15:00:00,3.6611
2023-09-28T15:00:00,3.69
2023-09-27T15:00:00,3.7325
2023-09-26T15:00:00,3.7865
2023-09-25T15:00:00,3.6862
2023-09-24T15:00:00,3.5669
2023-09-23T15:00:00,3.6062
2023-09-22T15:00:00,3.7586
2023-09-21T15:00:00,3.793
2023-09-20T15:00:00,3.8321
2023-09-19T15:00:00,3.7763
2023-09-18T15:00:00,3.7355
2023-09-17T15:00:00,3.575
2023-09-16T15:00:00,3.7507
2023-09-15T15:00:00,3.8654
2023-09-14T15:00:00,3.8512
2023-09-13T15:00:00,3.8471
2023-09-12T15:00:00,3.8358
2023-09-11T15:00:00,3.7846
2023-09-10T15:00:00,3.7664
2023-09-09T15:00:00,3.9598
2023-09-08T15:00:00,3.9221
2023-09-07T15:00:00,3.8797
2023-09-06T15:00:00,4.0195
2023-09-05T15:00:00,3.8583
2023-09-04T15:00:00,3.8793
2023-09-03T15:00:00,3.7767
2023-09-02T15:00:00,3.821
2023-09-01T15:00:00,3.9877
2023-08-31T15:00:00,3.9707
2023-08-30T15:00:00,4.1215
2023-08-29T15:00:00,4.2301
2023-08-28T15:00:00,4.0749
2023-08-27T15:00:00,3.897
2023-08-26T15:00:00,4.0389
2023-08-25T15:00:00,4.188
2023-08-24T15:00:00,4.089
2023-08-23T15:00:00,4.1109
2023-08-22T15:00:00,4.1585
2023-08-21T15:00:00,4.1358
2023-08-20T15:00:00,3.9819
2023-08-19T15:00:00,4.0297
2023-08-18T15:00:00,4.2473
2023-08-17T15:00:00,4.3046
2023-08-16T15:00:00,4.4132
2023-08-15T15:00:00,4.2385
2023-08-14T15:00:00,4.1185
2023-08-13T15:00:00,4.0794
2023-08-12T15:00:00,4.1225
2023-08-11T15:00:00,4.1789
2023-08-10T15:00:00,4.1875
2023-08-09T15:00:00,4.228
2023-08-08T15:00:00,4.1946
2023-08-07T15:00:00,4.2335
2023-08-06T15:00:00,4.1329
2023-08-05T15:00:00,4.1276
2023-08-04T15:00:00,4.2213
2023-08-03T15:00:00,4.3729
2023-08-02T15:00:00,4.3693
2023-08-01T15:00:00,4.3029
2023-07-31T15:00:00,4.0652
2023-07-30T15:00:00,4.1294
2023-07-29T15:00:00,4.2822
2023-07-28T15:00:00,4.5719
2023-07-27T15:00:00,4.5971
2023-07-26T15:00:00,4.5028
2023-07-25T15:00:00,4.6691
2023-07-24T15:00:00,4.6363
2023-07-23T15:00:00,4.4009
2023-07-22T15:00:00,4.7019
2023-07-21T15:00:00,4.6331
2023-07-20T15:00:00,4.6415
2023-07-19T15:00:00,4.7021
2023-07-18T15:00:00,4.454
2023-07-17T15:00:00,4.6141
2023-07-16T15:00:00,4.4127
2023-07-15T15:00:00,4.2657
2023-07-14T15:00:00,4.6587
2023-07-13T15:00:00,4.5599
2023-07-12T15:00:00,4.481
2023-07-11T15:00:00,4.6567
2023-07-10T15:00:00,4.5256
2023-07-09T15:00:00,4.4585
2023-07-08T15:00:00,4.6552
2023-07-07T15:00:00,4.7902
2023-07-06T15:00:00,4.6083
2023-07-05T15:00:00,4.3508
2023-07-04T15:00:00,4.3885
2023-07-03T15:00:00,4.5377
2023-07-02T15:00:00,4.3717
2023-07-01T15:00:00,4.7398
2023-06-30T15:00:00,4.8661
2023-06-29T15:00:00,4.795
2023-06-28T15:00:00,4.505
2023-06-27T15:00:00,4.3259
2023-06-26T15:00:00,4.2365
2023-06-25T15:00:00,4.177
2023-06-24T15:00:00,4.2869
2023-06-23T15:00:00,4.4155
2023-06-22T15:00:00,4.5217
2023-06-21T15:00:00,4.4677
2023-06-20T15:00:00,4.433
2023-06-19T15:00:00,4.3274
2023-06-18T15:00:00,4.3744
2023-06-17T15:00:00,4.5702
2023-06-16T15:00:00,4.626
2023-06-15T15:00:00,4.5555
2023-06-14T15:00:00,4.4388
2023-06-13T15:00:00,4.3807
2023-06-12T15:00:00,4.4319
2023-06-11T15:00:00,4.3428
2023-06-10T15:00:00,4.5253
2023-06-09T15:00:00,4.6583
2023-06-08T15:00:00,4.7139
2023-06-07T15:00:00,4.6921
2023-06-06T15:00:00,4.9091
2023-06-05T15:00:00,4.7059
2023-06-04T15:00:00,4.5645
2023-06-03T15:00:00,4.6984
2023-06-02T15:00:00,4.9634
2023-06-01T15:00:00,5.1081
2023-05-31T15:00:00,5.2397
2023-05-30T15:00:00,5.2249
2023-05-29T15:00:00,5.5118
2023-05-28T15:00:00,4.9581
2023-05-27T15:00:00,5.0122
2023-05-26T15:00:00,5.0947
2023-05-25T15:00:00,5.4362
2023-05-24T15:00:00,5.4504
2023-05-23T15:00:00,5.6711
2023-05-22T15:00:00,5.304
2023-05-21T15:00:00,4.862
2023-05-20T15:00:00,4.9287
2023-05-19T15:00:00,5.5275
2023-05-18T15:00:00,5.6369
2023-05-17T15:00:00,5.3958
2023-05-16T15:00:00,6.0845
2023-05-15T15:00:00,5.4905
2023-05-14T15:00:00,5.3231
2023-05-13T15:00:00,5.4963
2023-05-12T15:00:00,6.6929
2023-05-11T15:00:00,7.8035
2023-05-10T15:00:00,6.5268
2023-05-09T15:00:00,6.6831
2023-05-08T15:00:00,7.8024
2023-05-07T15:00:00,7.6364
2023-05-06T15:00:00,8.3095
2023-05-05T15:00:00,6.7116
2023-05-04T15:00:00,6.076
2023-05-03T15:00:00,6.5258
2023-05-02T15:00:00,6.7213
2023-05-01T15:00:00,6.1187
2023-04-30T15:00:00,5.1883
2023-04-29T15:00:00,5.0135
2023-04-28T15:00:00,5.1021
2023-04-27T15:00:00,5.0763
2023-04-26T15:00:00,5.0385
2023-04-25T15:00:00,5.1908
2023-04-24T15:00:00,5.3265
2023-04-23T15:00:00,5.2733
2023-04-22T15:00:00,4.888
2023-04-21T15:00:00,5.5361
2023-04-20T15:00:00,6.1684
2023-04-19T15:00:00,6.3905
2023-04-18T15:00:00,5.4523
2023-04-17T15:00:00,4.9919
2023-04-16T15:00:00,4.3656
2023-04-15T15:00:00,4.4385
2023-04-14T15:00:00,4.4999
2023-04-13T15:00:00,4.1822
2023-04-12T15:00:00,4.4833
2023-04-11T15:00:00,4.5453
2023-04-10T15:00:00,4.3825
2023-04-09T15:00:00,4.3575
2023-04-08T15:00:00,4.3495
2023-04-07T15:00:00,4.4231
2023-04-06T15:00:00,4.4028
2023-04-05T15:00:00,4.576
2023-04-04T15:00:00,4.669
2023-04-03T15:00:00,4.5295
2023-04-02T15:00:00,4.4683
2023-04-01T15:00:00,4.5689
2023-03-31T15:00:00,4.6545
2023-03-30T15:00:00,4.8246
2023-03-29T15:00:00,4.7359
2023-03-28T15:00:00,4.6159
2023-03-27T15:00:00,4.6069
2023-03-26T15:00:00,4.4522
2023-03-25T16:00:00,4.439
2023-03-24T16:00:00,4.5557
2023-03-23T16:00:00,4.6647
2023-03-22T16:00:00,4.6225
2023-03-21T16:00:00,4.7378
2023-03-20T16:00:00,4.8269
2023-03-19T16:00:00,4.528
2023-03-18T16:00:00,4.6916
2023-03-17T16:00:00,4.8005
2023-03-16T16:00:00,4.9882
2023-03-15T16:00:00,5.0012
2023-03-14T16:00:00,4.9051
2023-03-13T16:00:00,5.5649
2023-03-12T16:00:00,4.9782
2023-03-11T16:00:00,6.7832
2023-03-10T16:00:00,4.9501
2023-03-09T16:00:00,4.7938
2023-03-08T16:00:00,4.7723
2023-03-07T16:00:00,4.8924
2023-03-06T16:00:00,4.7939
2023-03-05T16:00:00,4.7067
2023-03-04T16:00:00,4.7403
2023-03-03T16:00:00,4.9799
2023-03-02T16:00:00,4.9595
2023-03-01T16:00:00,4.9111
2023-02-28T16:00:00,4.881
2023-02-27T16:00:00,4.6757
2023-02-26T16:00:00,4.6419
2023-02-25T16:00:00,4.6328
2023-02-24T16:00:00,4.7739
2023-02-23T16:00:00,4.953
2023-02-22T16:00:00,4.9997
2023-02-21T16:00:00,5.0338
2023-02-20T16:00:00,4.9452
2023-02-19T16:00:00,4.8766
2023-02-18T16:00:00,4.9371
2023-02-17T16:00:00,5.0129
2023-02-16T16:00:00,5.2707
2023-02-15T16:00:00,5.1412
2023-02-14T16:00:00,4.9191
2023-02-13T16:00:00,4.9856
2023-02-12T16:00:00,4.7694
2023-02-11T16:00:00,4.8133
2023-02-10T16:00:00,5.0556
2023-02-09T16:00:00,5.1025
2023-02-08T16:00:00,5.3117
2023-02-07T16:00:00,5.3581
2023-02-06T16:00:00,4.9253
2023-02-05T16:00:00,4.9128
2023-02-04T16:00:00,5.0122
2023-02-03T16:00:00,5.1316
2023-02-02T16:00:00,5.1329
2023-02-01T16:00:00,4.9937
2023-01-31T16:00:00,4.8609
2023-01-30T16:00:00,4.8783
2023-01-29T16:00:00,4.7973
2023-01-28T16:00:00,4.8733
2023-01-27T16:00:00,4.9734
2023-01-26T16:00:00,4.9962
2023-01-25T16:00:00,4.9696
2023-01-24T16:00:00,5.062
2023-01-23T16:00:00,4.8669
2023-01-22T16:00:00,4.865
2023-01-21T16:00:00,5.0937
2023-01-20T16:00:00,4.9111
2023-01-19T16:00:00,5.0022
2023-01-18T16:00:00,5.0986
2023-01-17T16:00:00,5.0017
2023-01-16T16:00:00,4.9758
2023-01-15T16:00:00,4.8717
2023-01-14T16:00:00,5.1651
2023-01-13T16:00:00,4.9434
2023-01-12T16:00:00,4.9878
2023-01-11T16:00:00,4.9776
2023-01-10T16:00:00,4.9522
2023-01-09T16:00:00,4.9704
2023-01-08T16:00:00,4.8719
2023-01-07T16:00:00,4.8881
2023-01-06T16:00:00,4.942
2023-01-05T16:00:00,5.0019
2023-01-04T16:00:00,4.98
2023-01-03T16:00:00,4.8964
2023-01-02T16:00:00,4.8611
2023-01-01T16:00:00,4.7531
2022-12-31T16:00:00,4.7687
2022-12-30T16:00:00,4.8146
2022-12-29T16:00:00,4.8481
2022-12-28T16:00:00,4.8636
2022-12-27T16:00:00,4.8281
2022-12-26T16:00:00,4.7291
2022-12-25T16:00:00,4.6327
2022-12-24T16:00:00,4.7156
2022-12-23T16:00:00,4.8217
2022-12-22T16:00:00,4.8307
2022-12-21T16:00:00,4.891
2022-12-20T16:00:00,4.9637
2022-12-19T16:00:00,4.7995
2022-12-18T16:00:00,4.8096
2022-12-17T16:00:00,4.8879
2022-12-16T16:00:00,4.9805
2022-12-15T16:00:00,4.9459
2022-12-14T16:00:00,4.904
2022-12-13T16:00:00,5.0073
2022-12-12T16:00:00,4.8866
2022-12-11T16:00:00,4.7874
2022-12-10T16:00:00,4.8106
2022-12-09T16:00:00,4.9653
2022-12-08T16:00:00,4.9914
2022-12-07T16:00:00,4.9372
2022-12-06T16:00:00,4.9749
2022-12-05T16:00:00,4.8958
2022-12-04T16:00:00,4.7672
2022-12-03T16:00:00,4.9042
2022-12-02T16:00:00,4.9987
2022-12-01T16:00:00,4.9885
2022-11-30T16:00:00,4.9809
2022-11-29T16:00:00,4.9928
2022-11-28T16:00:00,4.9469
2022-11-27T16:00:00,4.8434
2022-11-26T16:00:00,4.8813
2022-11-25T16:00:00,4.9755
2022-11-24T16:00:00,4.9638
2022-11-23T16:00:00,5.0867
2022-11-22T16:00:00,5.2674
2022-11-21T16:00:00,5.1479
2022-11-20T16:00:00,5.0872
2022-11-19T16:00:00,4.9937
2022-11-18T16:00:00,5.1939
2022-11-17T16:00:00,5.2131
2022-11-16T16:00:00,5.2896
2022-11-15T16:00:00,5.405
2022-11-14T16:00:00,5.6103
2022-11-13T16:00:00,5.1698
2022-11-12T16:00:00,5.5981
2022-11-11T16:00:00,5.9948
2022-11-10T16:00:00,7.1542
2022-11-09T16:00:00,6.7118
2022-11-08T16:00:00,5.5567
2022-11-07T16:00:00,5.3144
2022-11-06T16:00:00,5.1125
2022-11-05T16:00:00,5.2821
2022-11-04T16:00:00,5.4565
2022-11-03T16:00:00,5.4397
2022-11-02T16:00:00,5.36
2022-11-01T16:00:00,5.3599
2022-10-31T16:00:00,5.2979
2022-10-30T16:00:00,5.2684
2022-10-29T15:00:00,5.4527
2022-10-28T15:00:00,5.4839
2022-10-27T15:00:00,5.5656
2022-10-26T15:00:00,5.5497
2022-10-25T15:00:00,5.3938
2022-10-24T15:00:00,5.3775
2022-10-23T15:00:00,5.3424
2022-10-22T15:00:00,5.6082
2022-10-21T15:00:00,5.7434
2022-10-20T15:00:00,5.629
2022-10-19T15:00:00,5.5407
2022-10-18T15:00:00,5.7729
2022-10-17T15:00:00,5.4104
2022-10-16T15:00:00,5.3261
2022-10-15T15:00:00,5.2524
2022-10-14T15:00:00,5.3925
2022-10-13T15:00:00,5.3697
2022-10-12T15:00:00,5.3596
2022-10-11T15:00:00,5.4378
2022-10-10T15:00:00,5.4047
2022-10-09T15:00:00,5.2447
2022-10-08T15:00:00,5.2939
2022-10-07T15:00:00,5.4526
2022-10-06T15:00:00,5.5289
2022-10-05T15:00:00,5.4359
2022-10-04T15:00:00,5.4568
2022-10-03T15:00:00,5.3649
2022-10-02T15:00:00,5.2688
