name;open;high;low;close;volume;marketCap;circulatingSupply;timestamp
"2781";1.0169;1.11373;0.998372;1.0129;509276;24149158.59;23841601.92;"2018-10-14 17:00:00"
"2781";1.01231;1.0248;1.00107;1.01107;282707;125585473.77;124210463.94;"2018-10-21 17:00:00"
"2781";1.01083;1.019;0.982746;0.997669;2144200;131925671.16;132233908.4;"2018-10-28 17:00:00"
"2781";0.996997;1.02973;0.995854;1.00901;4726130;135307299.94;134099067.34;"2018-11-04 16:00:00"
"2781";1.00856;1.06139;0.999077;1.01188;5735460;144472180.08;142776001.18;"2018-11-11 16:00:00"
"2781";1.01203;1.0567;0.990265;1.02596;23476200;170393048.5;166081570.92;"2018-11-18 16:00:00"
"2781";1.01831;1.05881;0.9932867265;1.0127712083;10761894.92;178770938.26;176516607.89;"2018-11-25 16:00:00"
"2781";1.0111194379;1.0327738608;1.0002159111;1.0182528405;14831258.81;188363784.19;184987241.58;"2018-12-02 16:00:00"
"2781";1.0181712766;1.0428646731;0.9829853996;1.0119610354;9383751.11;204222546.55;201808705.49;"2018-12-09 16:00:00"
"2781";1.0274522132;1.0339689899;0.997087341;1.0107187846;23629167.73;230406707.71;227963219.06;"2018-12-16 16:00:00"
"2781";1.0107487148;1.0402584327;0.9785832076;1.01316869;18537225.1;249383514.72;246142145.13;"2018-12-23 16:00:00"
"2781";1.012397959;1.0257654161;0.9891688257;1.0101080451;18503989;305397453.05;302341372.83;"2018-12-30 16:00:00"
"2781";1.0095088556;1.0347933509;1.0007630196;1.0111094628;16808894.46;372399548.3;368307845.99;"2019-01-06 16:00:00"
"2781";1.0110120274;1.044891531;0.9987435414;1.0166690627;14934092.26;327478050.12;322108798.35;"2019-01-13 16:00:00"
"2781";1.015444668;1.0227646131;1.0062888047;1.0139415885;17334193.18;333585021.91;328998263.51;"2019-01-20 16:00:00"
"2781";1.0146559216;1.0318915072;1.0007580246;1.0142435009;26365349.13;302531642.04;298283047.19;"2019-01-27 16:00:00"
"2781";1.0137598539;1.0247235154;1.0057996907;1.0143886724;19451267.76;262005710.3;258289270.62;"2019-02-03 16:00:00"
"2781";1.015700889;1.0265481797;1.0034744211;1.0237893131;45168007.38;250117816.39;244305945.76;"2019-02-10 16:00:00"
"2781";1.0231017149;1.037757876;0.9986583461;1.0071806432;51756152.33;231683105.42;230031332.5;"2019-02-17 16:00:00"
"2781";1.0043428822;1.0237241227;1.0043428822;1.0119752681;17429846.13;239435726.9;236602350.33;"2019-02-24 16:00:00"
"2781";1.0103135135;1.0228431107;1.0103135135;1.0195041163;21622741.99;241217070.08;236602350.33;"2019-03-03 16:00:00"
"2781";1.0205566451;1.0235670117;1.0078539164;1.0194492175;38655613.79;243982004.88;239327276.62;"2019-03-10 17:00:00"
"2781";1.0204246773;1.0220322873;1.0033660681;1.0080544681;17336323.6;247226412.38;245251045.65;"2019-03-17 17:00:00"
"2781";1.0087456558;1.0491488767;0.9929548656;1.0014944265;24262614.98;246270111;245902627.6;"2019-03-24 17:00:00"
"2781";1.0013937788;1.0248551971;0.9891502803;1.0053589669;43184041.91;262035385.09;260638631.31;"2019-03-31 17:00:00"
"2781";1.0057491403;1.014706009;0.9936602456;1.0080248949;31692817.87;261528325.94;259446296.67;"2019-04-07 17:00:00"
"2781";1.0080248949;1.0144807977;0.9944106186;1.0020828559;46250000.34;251875249.53;251351720.12;"2019-04-14 17:00:00"
"2781";1.0020704639;1.0242615623;0.9919649196;1.0155938525;44378358.83;296169540.11;291622029.2;"2019-04-21 17:00:00"
"2781";1.0158906634;1.0236889858;1.0032566214;1.0093858221;79929580.93;302262908.99;299452302.95;"2019-04-28 17:00:00"
"2781";1.0091697131;1.0171012271;0.9885573996;0.9983532603;481377527.13;326565573.65;327104229.18;"2019-05-05 17:00:00"
"2781";0.9983532603;1.0188147742;0.9825827753;1.0027730391;184721780.03;358662738.89;357670903.51;"2019-05-12 17:00:00"
"2781";1.0027730391;1.0146823621;0.9922970439;0.9971133871;132653002.58;361061518.97;362106781.06;"2019-05-19 17:00:00"
"2781";0.9974234276;1.0237245769;0.9947858052;0.9991909586;80548186.78;333445431.1;333715420.68;"2019-05-26 17:00:00"
"2781";0.9991909586;1.0170468133;0.9922527032;1.0016636525;71761740.42;338071631.58;337510132.01;"2019-06-02 17:00:00"
"2781";1.00061179;1.0135541651;0.9918338605;1.0002112817;110310160.03;343748614.95;343676002.51;"2019-06-09 17:00:00"
"2781";1.0001428996;1.0189141024;0.9931012131;1.0004633852;126408036.59;344238451.11;344079010.01;"2019-06-16 17:00:00"
"2781";1.0004633852;1.0390427442;0.9936591677;1.0031924067;184930416.33;366985179.17;365817341.46;"2019-06-23 17:00:00"
"2781";1.0031924067;1.0145308073;0.9881037163;0.9967196081;79091528.78;368058331.74;369269681.01;"2019-06-30 17:00:00"
"2781";0.9968359597;1.0147444214;0.9867176645;0.9985678459;106041670.09;381350516.91;381897452.89;"2019-07-07 17:00:00"
"2781";0.999675155;1.0164718355;0.9856358331;1.0014314124;77161429.19;404794928.15;404216327.87;"2019-07-14 17:00:00"
"2781";1.0011573424;1.0179735432;0.9871317965;1.0020148829;61030065.61;423857747.98;423005441.56;"2019-07-21 17:00:00"
"2781";1.0008506883;1.0087107369;0.9933404022;0.9980902738;105761004.19;421167169.41;421973022.34;"2019-07-28 17:00:00"
"2781";0.9981538145;1.0227113452;0.9918432936;0.9975426374;88725827.67;421827378.63;422866515;"2019-08-04 17:00:00"
"2781";0.9988143819;1.0133728963;0.986851924;1.00178389;84496696.98;420617417.95;419868418.89;"2019-08-11 17:00:00"
"2781";1.0017130102;1.0171711663;0.9904634475;0.9991754478;155556320.15;435835634.51;436195300.32;"2019-08-18 17:00:00"
"2781";0.9990660347;1.0284901754;0.987236156;1.0012102194;85163334.3;452961465.8;452413945.67;"2019-08-25 17:00:00"
"2781";1.0012510998;1.0170883233;0.9901100568;1.0031950728;184302338.15;443790057.54;442376631.99;"2019-09-01 17:00:00"
"2781";1.0031950728;1.0168550674;0.990454786;1.0033871214;108479016.57;427289964.34;425847566.95;"2019-09-08 17:00:00"
"2781";1.0031332183;1.0251544308;0.9900571066;1.0021310891;122958976.3;392999540.7;392163804.7;"2019-09-15 17:00:00"
"2781";1.0032011559;1.0550469789;0.9912357136;1.0044898499;114528744.84;429610243.1;427689979.3;"2019-09-22 17:00:00"
"2781";1.0044722517;1.0218955919;0.9954527987;1.0135465196;154064851.73;480030265.95;473614438.68;"2019-09-29 17:00:00"
"2781";1.0122691146;1.0173106009;0.9909126615;1.0031685368;141554667.4;468541248.85;467061347.79;"2019-10-06 17:00:00"
"2781";1.0031685368;1.0151304492;0.9907787531;1.0005032512;142910830.11;474459293.56;474220641.48;"2019-10-13 17:00:00"
"2781";1.000529959;1.0350861708;0.9679258994;1.0008140582;259625515.03;475568091.66;475181266.45;"2019-10-20 17:00:00"
"2781";1.0004015325;1.0405766725;0.9746229024;1.0032124256;208342328.24;468534830.74;467034517.1;"2019-10-27 17:00:00"
"2781";1.0029075003;1.0144851769;0.9875400482;1.0021000261;208138708.85;452610559.02;451662056.9;"2019-11-03 16:00:00"
"2781";1.002180147;1.0189817685;0.9979578094;1.0082191992;348968467.97;445015571.75;441387718.19;"2019-11-10 16:00:00"
"2781";1.0084149137;1.0292263301;0.9920338725;1.0088790456;205327942.88;447418651.14;443480963.43;"2019-11-17 16:00:00"
"2781";1.0081329624;1.0315317474;0.981534749;0.996449857;195974260.1;454728031.49;456348132.62;"2019-11-24 16:00:00"
"2781";0.9966193985;1.0143419025;0.9871131875;1.0054697876;343379310.95;464755635.36;462227349.96;"2019-12-01 16:00:00"
"2781";1.0061046905;1.0139477112;0.9953255555;1.0056885548;245259536.57;476226732.2;473533013.69;"2019-12-08 16:00:00"
"2781";1.0057092656;1.03440096;0.9937365542;1.0020878522;304211343.45;522378468.67;521290092.01;"2019-12-15 16:00:00"
"2781";1.0015870228;1.0273434371;0.9951269519;1.0052833362;277058216.6;520939799.33;518201964.12;"2019-12-22 16:00:00"
"2781";1.0061462797;1.0187177638;0.9884552438;1.0084966606;334597544.18;518272576.97;513906091.31;"2019-12-29 16:00:00"
"2781";1.0090729519;1.016210157;0.9923881142;1.0043180122;330297498.44;447479871.97;445555955.93;"2020-01-05 16:00:00"
"2781";1.0042087476;1.0269604392;0.9921915357;0.9972901415;423373606.71;436777174.98;437963995.44;"2020-01-12 16:00:00"
"2781";0.9973469911;1.0146300671;0.9942152904;1.0121842401;292385181.14;448606932.18;443206794.18;"2020-01-19 16:00:00"
"2781";1.0121993853;1.0518677996;1.0049329955;1.0282099853;384098792.19;445776906.37;433546564.19;"2020-01-26 16:00:00"
"2781";1.0282099853;1.0420244682;1.0147731034;1.0245780994;659695137.32;432572539.4;422195769.82;"2020-02-02 16:00:00"
"2781";1.0235267512;1.0467983726;1.004748224;1.009633987;926497188.97;429727972.87;425627483.22;"2020-02-09 16:00:00"
"2781";1.0110069194;1.0460773569;0.9915051325;0.9972806848;1033736189.25;420317423.91;421463516.04;"2020-02-16 16:00:00"
"2781";0.9981205685;1.0111693272;0.9917010677;1.0011614629;897676018.33;439323845.46;438814179.06;"2020-02-23 16:00:00"
"2781";1.0016795818;1.0162196393;0.9933333771;1.007403789;1430098331.98;464091836.6;460681051.31;"2020-03-01 16:00:00"
"2781";1.006718139;1.0790990321;0.9292217459;1.0031440039;712798810.2;579058578.69;577243722.2;"2020-03-08 17:00:00"
"2781";1.0024898156;1.0431933861;0.9495258409;0.9959358587;687125480.09;662820963.43;665525754.15;"2020-03-15 17:00:00"
"2781";0.9959358587;1.0244050506;0.9633066614;0.9780378265;641642082.98;675033086.45;690191184.99;"2020-03-22 17:00:00"
"2781";0.9770263791;1.0149206976;0.9667869171;1.0015136411;718937342.45;696526423.34;695473725.73;"2020-03-29 17:00:00"
"2781";1.0026467777;1.0096149954;0.9801561822;1.0040652526;805969791.54;705426851.31;702570723.83;"2020-04-05 17:00:00"
"2781";1.0035153563;1.0110355626;0.9672817972;1.0060582916;894054503.74;727639124.82;723257420.47;"2020-04-12 17:00:00"
"2781";1.0056749815;1.0097209355;0.9821469922;0.9989564544;419876552.07;749507140.72;750290102.68;"2020-04-19 17:00:00"
"2781";1.000119285;1.0100651504;0.9908771214;0.9992958748;538532396.69;705834652.77;706331998.94;"2020-04-26 17:00:00"
"2781";0.9996973124;1.0127598893;0.988601903;1.0016926015;628815172.53;707434771.87;706239390;"2020-05-03 17:00:00"
"2781";1.0015256039;1.0175569426;0.9624389578;1.0015943343;623833304.45;707365371.71;706239390;"2020-05-10 17:00:00"
"2781";1.001437139;1.0142983567;0.9939361283;1.0024024312;420645622.99;707936081.51;706239390;"2020-05-17 17:00:00"
"2781";1.0014914228;1.0083650906;0.9930651192;1.0024694829;437098475.84;728548294.24;726753588.68;"2020-05-24 17:00:00"
"2781";1.0021796796;1.009603289;0.9825286742;1.0016705033;278942202.54;735558465.33;734331761.73;"2020-05-31 17:00:00"
"2781";1.0017819771;1.0088791342;0.9882342871;1.004572633;261665467.36;735592843.56;732244557.91;"2020-06-07 17:00:00"
"2781";1.004572633;1.0126125097;0.9915571344;1.0022093769;264643093.56;733862362.12;732244557.91;"2020-06-14 17:00:00"
"2781";1.0021448943;1.0107790039;0.9897289563;1.0029111871;227229689.96;929618326.41;926919889.2;"2020-06-21 17:00:00"
"2781";1.0009249566;1.0113679129;0.9946381864;0.9978173241;229374669.15;1029539264.88;1031791330.92;"2020-06-28 17:00:00"
"2781";0.9978173241;1.0068210207;0.9927938322;0.9982425315;247223174.61;1100023053.85;1101959713.32;"2020-07-05 17:00:00"
"2781";0.9982425315;1.0068455935;0.9941395123;0.9971081501;239654084.77;1116663726.74;1119902316.16;"2020-07-12 17:00:00"
"2781";0.9979998382;1.0052197549;0.9918745662;0.9974170023;352834293.29;1159911791.36;1162915599.71;"2020-07-19 17:00:00"
"2781";0.9974254464;1.020434694;0.9926345368;0.9973638281;481496070.47;1087685514.86;1090560419.59;"2020-07-26 17:00:00"
"2781";0.9975130577;1.0044580552;0.9928551793;1.0017601377;326988690.33;1145141852.67;1143129786.88;"2020-08-02 17:00:00"
"2781";0.99813818;1.01452746;0.96971271;0.9991776;11607613833.44;1198118408.56;1199069838.34;"2020-08-09 17:00:00"
"2781";0.99939847;1.0243993;0.93894538;1.00321913;1776404784.94;1355567678.22;1350367011.07;"2020-08-16 17:00:00"
"2781";1.00303518;1.13901303;0.00923193;0.99632359;1778663188.29;1463869040.26;1466969580.7;"2020-08-23 17:00:00"
"2781";0.99354836;1.01934597;0.88730137;1.00236367;4004887199.37;1729581011.25;1725497788.39;"2020-08-30 17:00:00"
"2781";1.00236367;1.02140604;0.99249561;1.00155602;2799336502.44;1995692526.36;1992118688.48;"2020-09-06 17:00:00"
"2781";1.0018262;1.00884824;0.99988634;1.00068627;3908615085.97;2299850111.85;2319972011.74;"2020-09-13 17:00:00"
"2781";1.00055241;1.00204792;1.00014631;1.00047384;3259199012.86;2533182719.97;2531982977.4;"2020-09-20 17:00:00"
"2781";1.00047353;1.00257373;0.99998653;1.00036871;2390735850.47;2640169978.25;2639196875.91;"2020-09-27 17:00:00"
"2781";1.00036797;1.00150687;0.996671;1.000751;2618787420.94;2857374683.33;2855230417.38;"2020-10-04 17:00:00"
"2781";1.00070575;1.00164051;1.00005866;1.00043109;2642018566.04;2728528052.26;2727352310.68;"2020-10-11 17:00:00"
"2781";1.00032185;1.00103818;0.99892413;1.00019472;3298351270.57;2808560799.91;2808014025.3;"2020-10-18 17:00:00"
"2781";1.00019472;1.00065877;0.99783694;1.00030367;5934290752.38;2928676111.05;2927787035.21;"2020-10-25 17:00:00"
"2781";1.00030367;1.00099621;0.98999456;0.99995733;3521726664.97;2874233151.04;2874355802.97;"2020-11-01 16:00:00"
"2781";0.99995733;1.000507;0.9988863;1.00016798;3262253850.58;2813598347.19;2813125807.14;"2020-11-08 16:00:00"
"2781";1.00016798;1.0008512;0.99826107;0.99997751;4040962556.25;2874006400.02;2874071040.3;"2020-11-15 16:00:00"
"2781";0.99997751;1.00130433;0.99563957;1.00007259;4721653748.2;2964393940.49;2964178772.87;"2020-11-22 16:00:00"
"2781";1.00007259;1.00081762;0.99900185;1.00026969;5077607976.82;3073447381.03;3072618725.52;"2020-11-29 16:00:00"
"2781";1.00026963;1.00894295;0.99433412;0.99988768;3668199503.52;3241732105.99;3242096243.17;"2020-12-06 16:00:00"
"2781";0.99988768;1.0006811;0.99844928;0.99989335;5414349066.35;3356572079.3;3356930101.72;"2020-12-13 16:00:00"
"2781";0.99989335;1.00175063;0.99217691;1.0000788;6432330228.19;3582730027.77;3582447738.79;"2020-12-20 16:00:00"
"2781";1.0000788;1.00109322;0.99709741;0.99973591;8849739028.83;4208024428.08;4209136023.94;"2020-12-27 16:00:00"
"2781";0.99962366;1.00224537;0.9976543;1.0000899;13627681936.29;4716774854.92;4716350875.86;"2021-01-03 16:00:00"
"2781";1.00008989;1.00325481;0.99937628;1.00045456;13417058398.72;5062831585.01;5060531252.99;"2021-01-10 16:00:00"
"2781";1.00046772;1.00181048;0.99950776;1.00016243;11918069407.83;5521308075.37;5520411395.28;"2021-01-17 16:00:00"
"2781";1.00019956;1.00188156;0.99847082;0.99996079;58461317299.42;5868871806.01;5869101908.62;"2021-01-24 16:00:00"
"2781";1.0000706;1.00094679;0.9983192;0.99988628;11840614817.96;6439675443.68;6440407859.76;"2021-01-31 16:00:00"
"2781";0.99983459;1.00234893;0.9982476;1.00002547;14062786021.48;7285556444.95;7285370856.54;"2021-02-07 16:00:00"
"2781";1.00002558;1.00118637;0.99956048;0.99994535;15242322410.63;7738071713.46;7738494602.89;"2021-02-14 16:00:00"
"2781";0.99993673;1.00336844;0.9981835;1.00029625;19340982836.5;8897551098.99;8894915958.22;"2021-02-21 16:00:00"
"2781";1.00026643;1.00119624;0.99945071;0.99999415;11726442802.42;8969172583.83;8969225097.36;"2021-02-28 16:00:00"
"2781";0.99995253;1.00286072;0.99979369;0.99999785;11564692873.4;9276209311.89;9276229236.02;"2021-03-07 16:00:00"
"2781";0.99992842;1.00398159;0.99866568;1.00096234;11034327676.86;9918143113.39;9908607660.07;"2021-03-14 17:00:00"
"2781";1.00098912;1.00398855;0.99908933;1.0007922;10682115332.78;10768922656.44;10760398265.49;"2021-03-21 17:00:00"
"2781";1.00080241;1.01109822;0.99810032;1.00295733;10519363431.58;10884944736;10852849291.03;"2021-03-28 17:00:00"
"2781";1.00305818;1.00434406;0.99824892;1.00286998;10302189377.54;11065073073.52;11033407438.53;"2021-04-04 17:00:00"
"2781";1.00275735;1.02652949;0.99876897;1.00009452;16345467519.29;11308018713.09;11306949960.66;"2021-04-11 17:00:00"
"2781";1.00014198;1.00019997;0.99980001;1.00017852;17172553279.28;11245293626.06;11243286480.25;"2021-04-18 17:00:00"
"2781";1.00015715;1.00019998;0.99980021;0.99994853;13301334215.38;14379417664.25;14380157844.06;"2021-04-25 17:00:00"
"2781";0.99997623;1.00019997;0.9998001;1.00005229;18251745905.54;14380909714.08;14380157844.06;"2021-05-02 17:00:00"
"2781";0.99993716;1.00019999;0.99980001;1.00015547;23631042230.74;14382393542.27;14380157844.06;"2021-05-09 17:00:00"
"2781";0.99985582;1.00182436;0.99805533;1.00042174;33763924874.08;14386222481.22;14380157844.06;"2021-05-16 17:00:00"
"2781";1.00046241;1.00093163;0.99909303;0.99949847;19030197197.99;22421676957.19;22432927812.61;"2021-05-23 17:00:00"
"2781";0.99956039;1.00142321;0.9993909;1.00057698;14106398297.64;23003536496.45;22990271579.72;"2021-05-30 17:00:00"
"2781";1.00053749;1.00136664;0.99943395;0.99963004;14229349353.68;23641140562.16;23649890101.78;"2021-06-06 17:00:00"
"2781";0.99961017;1.01024168;0.9994224;1.00096177;13401009833.88;24440364970.15;24416881481.45;"2021-06-13 17:00:00"
"2781";1.00089786;1.00195488;0.99937409;1.00059122;20292867736.78;25791977537.21;25776737765.75;"2021-06-20 17:00:00"
"2781";1.00051524;1.00091608;0.99890072;0.99950038;13820936347.47;25511718609.01;25524471079.37;"2021-06-27 17:00:00"
"2781";0.9995655;1.00125235;0.99945864;1.00026757;13463869107.26;26133666247.64;26126675629.01;"2021-07-04 17:00:00"
"2781";1.00025345;1.00092415;0.99945604;1.00057363;13394169599.48;26652079403.79;26636799827.4;"2021-07-11 17:00:00"
"2781";1.00056086;1.00077667;0.99885454;0.99958723;14178990018.31;27044509769.76;27055677535.47;"2021-07-18 17:00:00"
"2781";0.99959793;1.00089915;0.99931544;1.00016095;25472484758.45;27421062363.66;27416649778.71;"2021-07-25 17:00:00"
"2781";1.00015567;1.00067469;0.9991199;0.99958902;25979362218.35;27689009820.37;27700394050.23;"2021-08-01 17:00:00"
"2781";0.99970799;1.00089101;0.99939059;0.99984904;19980476070.63;27646951090.44;27651125346;"2021-08-08 17:00:00"
"2781";0.99986551;1.00127475;0.99916181;1.00016717;19152927165.27;26978962721.11;26974453355.35;"2021-08-15 17:00:00"
"2781";1.00023282;1.00101851;0.99935086;1.00049775;17279054769.22;27229668411.97;27216121456.3;"2021-08-22 17:00:00"
"2781";1.00049472;1.00083035;0.99923525;0.99957508;20708581157.35;27797091080.19;27808907632.18;"2021-08-29 17:00:00"
"2781";0.99950377;1.00100896;0.98737995;0.99949042;25493421916.69;29218183032.74;29233079596.23;"2021-09-05 17:00:00"
"2781";0.99957072;1.001716444;0.9981376513;1.0002545838;18676927634.93;29443458704.74;29435964786.31;"2021-09-12 17:00:00"
"2781";1.0003769363;1.0011573253;0.9995127342;1.0002547021;28120175841.91;31087854743.24;31079938619.11;"2021-09-19 17:00:00"
"2781";1.0003344009;1.0010525283;0.9991986754;0.9996811296;20791836406.38;32215973731.74;32226249728.63;"2021-09-26 17:00:00"
"2781";0.9996442966;1.0008116823;0.9990808408;1.0005975464;19373376848.73;33174239300.06;33154427989.68;"2021-10-03 17:00:00"
"2781";1.0005935294;1.0007589413;0.9991831903;1.0002986498;22399707419.54;32806986014.16;32797191138.27;"2021-10-10 17:00:00"
"2781";1.0003390195;1.0013146263;0.9992512803;1.0003084516;24939680531.64;32598764545.06;32588712505.75;"2021-10-17 17:00:00"
"2781";1.0002578644;1.0010841498;0.9989091251;0.9997241154;30862830631.95;33171892682.46;33181046821.21;"2021-10-24 17:00:00"
"2781";0.9996321147;1.0010498827;0.9990788005;1.0006489462;29493751504.68;34343466491.14;34321193883.96;"2021-10-31 17:00:00"
"2781";1.000662169;1.001994342;0.9980014546;0.9996466273;36032162010.3;34412186959.28;34424351583.84;"2021-11-07 16:00:00"
"2781";0.9996807585;2.3495563783;0.9980172407;1.0002346445;33822280475.51;36182453344.08;36173965321.41;"2021-11-14 16:00:00"
"2781";1.0000456445;1.0019979151;0.9980098015;0.9998749378;34249646973.26;38387942291.41;38392743773.64;"2021-11-21 16:00:00"
"2781";0.9999038799;1.0019993302;0.9980042172;0.9987145156;41309441763.59;40884696965.56;40937321253.51;"2021-11-28 16:00:00"
"2781";0.9987695156;1.0019939822;0.9980041101;1.0002385102;34223769534.37;41641107198.52;41631177737.74;"2021-12-05 16:00:00"
"2781";1.0001365102;1.001999136;0.9980055433;0.9998831903;32286849616.88;42061885365.57;42066799177.39;"2021-12-12 16:00:00"
"2781";1.0000561903;1.0019986754;0.9980095525;0.9991079023;24139119647.31;42392023711.46;42429875307.52;"2021-12-19 16:00:00"
"2781";0.9992169023;1.0019967568;0.9980413311;0.9997648784;22039893222.39;42562534941.24;42572544666.16;"2021-12-26 16:00:00"
"2781";0.9997761886;1.0013560343;0.999134359;0.9998355066;27744837397.85;43635467097.35;43642646024.36;"2022-01-02 16:00:00"
"2781";0.9998298046;1.0011606381;0.9989974945;0.999691547;24534160115.43;45434277767.95;45448296432.84;"2022-01-09 16:00:00"
"2781";0.9997497447;1.0013021608;0.9989262179;1.0001447133;32071745790.36;47651385218.76;47644490425.62;"2022-01-16 16:00:00"
"2781";1.0001701473;1.0019985031;0.9980868978;1.0000651205;31918184621.77;49800880429.14;49797637582.57;"2022-01-23 16:00:00"
"2781";1.0000853055;1.0010747228;0.9988653044;1.0003565876;24845526387.53;51054224335.1;51036025522.04;"2022-01-30 16:00:00"
"2781";1.0003119363;1.0011529776;0.997990986;0.9999831858;23324191183.13;52360369755.16;52361250169.67;"2022-02-06 16:00:00"
"2781";0.9999853802;1.0007111356;0.9988609973;1.0000031168;21933450193.39;52596647717.64;52596483785.48;"2022-02-13 16:00:00"
"2781";1.0000008689;1.0010631555;0.9985446239;0.9997217107;35657259836.54;53370799001.14;53385655659.64;"2022-02-20 16:00:00"
"2781";0.999687891;1.000888112;0.9977450617;0.9998506628;31013653746.21;52838496192.22;52846388124.92;"2022-02-27 16:00:00"
"2781";0.9998751516;1.0015206622;0.9986308833;0.9999649188;25664794911.21;52427364797.9;52429204078.73;"2022-03-06 16:00:00"
"2781";0.999946821;1.0007982417;0.9983970609;0.9999323759;26396843363.64;53000906379.48;53004490761.15;"2022-03-13 17:00:00"
"2781";0.9999271216;1.0005448744;0.9987829229;1.0000390674;25509937791.97;52083027076.47;52080992406.76;"2022-03-20 17:00:00"
"2781";1.0000447664;1.0005113178;0.9985045676;1.0000942224;31070480653.59;51633984578.71;51629119959.29;"2022-03-27 17:00:00"
"2781";1.0000883419;1.0011105632;0.997316348;0.999625866;26420899158.95;50992961339.02;51012046681.86;"2022-04-03 17:00:00"
"2781";0.9996955747;1.0006244408;0.9989048247;0.9992585444;25442465138.28;50008804043.12;50045910865.7;"2022-04-10 17:00:00"
"2781";0.9992733577;1.0018438601;0.9988292453;0.9999634564;25143684286.05;49890528149.94;49892351394.14;"2022-04-17 17:00:00"
"2781";0.9999604694;1.002027939;0.9992804673;1.0003814201;29061961191.21;49298296906.65;49279500715.29;"2022-04-24 17:00:00"
"2781";1.0003614974;1.0006475775;0.999381015;1.0000871054;31674657513.57;48681199304.73;48676959278.41;"2022-05-01 17:00:00"
"2781";0.9999943229;1.0114342362;0.9992531573;1.0001827571;69231989378.02;51148192672.29;51138846685.36;"2022-05-08 17:00:00"
"2781";1.0001953352;1.001045237;0.9997395554;1.0000917083;36392376565.34;53139292857.27;53134419990.34;"2022-05-15 17:00:00"
"2781";1.0001150022;1.0012280512;0.9997046362;1.000586164;36815077285.36;53728403269.24;53696928063.58;"2022-05-22 17:00:00"
"2781";1.0005681265;1.0009603081;0.9995824093;1.0001441809;34218568493.07;54094982708.32;54087184371.26;"2022-05-29 17:00:00"
"2781";1.0001401748;1.0010877307;0.9995265183;1.0000485422;33701292071.67;53994300101.34;53991679227.68;"2022-06-05 17:00:00"
"2781";1.000409237;1.0011090642;0.9996284733;0.9998131118;31146783212.49;55876331532.72;55358945366.31;"2022-06-19 17:00:00"
"2781";1.0000090925;1.0007932074;0.9996776338;1.0003717409;31428707289.75;55823349220.82;55802605112.72;"2022-06-26 17:00:00"
"2781";1.0003566489;1.0016969332;0.9984712066;1.0000291113;37690862080.62;55548556605.25;55546939563;"2022-07-03 17:00:00"
"2781";1.0000458595;1.0008646518;0.9994516839;1.0002490431;36984566915.46;54805466618.9;54791821095.83;"2022-07-10 17:00:00"
"2781";1.0002423122;1.0007703203;0.9992192073;1.0000838808;50580398290.68;55099824864.28;55095203434.16;"2022-07-17 17:00:00"
"2781";1.0000636594;1.0006950033;0.9992096663;0.9997973384;53225656747.53;54455842443.43;54466880787.36;"2022-07-24 17:00:00"
"2781";0.9997583151;1.0006864406;0.9993477242;0.9999188403;43365741065.84;54275863425.54;54280268796.42;"2022-07-31 17:00:00"
"2781";0.9999375062;1.0004538859;0.9991454448;0.9998481746;46398895961.63;53593155481.32;53601293516.89;"2022-08-07 17:00:00"
"2781";0.9998819494;1.0004612016;0.9994210192;1.0001408463;44809308665.94;52546676703.59;52539276742.1;"2022-08-14 17:00:00"
"2781";1.0001142855;1.0003947358;0.9995490577;1.0000308623;53353874832.15;52200895875.09;52199284884.35;"2022-08-21 17:00:00"
"2781";0.9999347845;1.0005021661;0.9996398031;1.0001068689;41558533663.67;51881772221.09;51876228265.06;"2022-08-28 17:00:00"
"2781";1.0001212048;1.0003180515;0.9994568347;0.9999513646;43837289829.07;51601695543.86;51604205337.3;"2022-09-04 17:00:00"
"2781";0.9999598868;1.000429855;0.9993640949;1.0000771547;40402208015.95;50190456315.35;50186584186.1;"2022-09-11 17:00:00"
"2781";0.9999940028;1.0006927856;0.9993490084;0.9999683312;34597814848.71;49589400501.4;49590970990.05;"2022-09-18 17:00:00"
"2781";1.0000493699;1.0004206647;0.9994424847;0.9999907187;28459987996.23;47325233841.02;47325673086.41;"2022-09-25 17:00:00"
"2781";1.0000319369;1.0002716018;0.9997095751;0.9999931031;24525472593.24;46061806382.75;46062124068.38;"2022-10-02 17:00:00"
"2781";0.9999810118;1.0003507744;0.999546316;0.9999532245;23776747249.94;45001378931.41;45003483992.78;"2022-10-09 17:00:00"
"2781";0.9999606014;1.0004034395;0.9997513246;1.000029691;18648596274.04;43948066114.09;43946761290.63;"2022-10-16 17:00:00"
"2781";1.0000803012;1.0007322217;0.9996857918;1.0001149035;28632808678.36;43701223013.97;43696202166.35;"2022-10-23 17:00:00"
"2781";1.0000857728;1.0006538034;0.9994522325;0.999869271;28115282068.34;42187827667.81;42193343562.41;"2022-10-30 17:00:00"
"2781";0.999850912;1.0073301553;0.9987104065;1.00013634;42509138005.55;44075987661.41;44069979160.37;"2022-11-06 16:00:00"
"2781";1.0001351834;1.0009874468;0.9997691158;1.0002138382;21435750541.8;44459023733.63;44449518729.89;"2022-11-13 16:00:00"
"2781";1.0002094831;1.0007865814;0.999807543;1.0001409812;25432974413.95;44238097613.99;44231861753.05;"2022-11-20 16:00:00"
"2781";1.0001761147;1.0006230784;0.9995612526;1.0000158105;17740873138.11;43408651648.57;43407965347.71;"2022-11-27 16:00:00"
"2781";1.0001183866;1.0004422428;0.9994976527;0.9999957645;13686790826.91;42753610681.17;42753791764.54;"2022-12-04 16:00:00"
"2781";0.9999972822;1.0005168325;0.9993431135;0.9997614746;21464154880.5;44963115133.34;44973842538.92;"2022-12-11 16:00:00"
"2781";0.9997918722;1.0004428697;0.9993460202;1.0000823125;12911488440.92;44348890607.38;44345240439.98;"2022-12-18 16:00:00"
"2781";1.0001097101;1.0003623683;0.999697949;0.9999932734;11729001398.01;44584840756.22;44585140660.46;"2022-12-25 16:00:00"
"2781";1.0000140923;1.0003637545;0.9997089764;1.0001961164;13772446600.62;43950584710.06;43941966969.16;"2023-01-01 16:00:00"
"2781";1.0002375128;1.0007850098;0.9992766335;0.9999262052;24092470244.61;43893297850.26;43896537187.42;"2023-01-08 16:00:00"
"2781";0.9998996473;1.0006840245;0.9991431729;0.999976225;23588527718.97;43480831666.18;43481865446.09;"2023-01-15 16:00:00"
"2781";0.9998365941;1.0005062022;0.9990892893;1.0000010326;23543425343.17;43086077902.99;43086033412.89;"2023-01-22 16:00:00"
"2781";1.0000747593;1.0007714077;0.9991760691;0.9999543539;23049755618.08;42031783646.39;42033702320.1;"2023-01-29 16:00:00"
"2781";0.9999598578;1.0005024025;0.9994622048;1.0000657114;23488287509.54;41222130987.91;41219422402.45;"2023-02-05 16:00:00"
"2781";1.0001335583;1.0005343277;0.9994304659;0.9998966758;29674300630.88;41861245787.12;41865571512.96;"2023-02-12 16:00:00"
"2781";0.9999618618;1.0004364858;0.9994306464;1.0001357487;25502551964.65;42627802559.27;42622016675.52;"2023-02-19 16:00:00"
"2781";1.0001252188;1.0006101588;0.999370039;1.0000099751;22346574807.37;43980818759.52;43980380051.37;"2023-02-26 16:00:00"
"2781";1.0000380591;1.0009154368;0.8774;0.9920691726;57792373273.24;40315868122.03;40638162374.31;"2023-03-05 16:00:00"
"2781";0.9911583821;1.0008767992;0.9880355782;0.9998449095;45807321978.36;36218653593.89;36224271634.52;"2023-03-12 17:00:00"
"2781";0.9999534072;1.0004018307;0.9964487916;0.9998846588;36689997646.11;33879174436.7;33883082551.48;"2023-03-19 17:00:00"
"2781";0.9997467936;1.0003524986;0.998928053;0.9997424146;27417543512.49;32531061019.4;32539442703.53;"2023-03-26 17:00:00"
"2781";0.9999121755;1.0004896651;0.9989116175;0.9997451874;24241178542.09;32592157074.22;32600464084.03;"2023-04-02 17:00:00"
"2781";0.9998702074;1.0004331312;0.9989472277;0.9997046565;35562607046.67;31822883102.73;31832284561.06;"2023-04-09 17:00:00"
"2781";0.9996206675;1.0008079731;0.9990402585;0.9998940339;32462002425.02;30803812540.4;30807077046.94;"2023-04-16 17:00:00"
"2781";0.9999195609;1.0006509138;0.9993339957;0.9999961737;31281542928.26;30510160911.79;30510277652.85;"2023-04-23 17:00:00"
"2781";0.9999195602;1.0005441303;0.9994463694;1.0001453658;23556746917.18;30400289561.96;30170717816.29;"2023-04-30 17:00:00"
"2781";1.0001910264;1.0007249686;0.9992303621;1.0000968344;23907869260.63;29976859444.82;29973956935.54;"2023-05-07 17:00:00"
"2781";1.0000455238;1.0006250506;0.9994720765;0.9998890554;17624700526.66;29551205669.46;29554484579.17;"2023-05-14 17:00:00"
"2781";0.9998170668;1.0006217816;0.9995375743;0.9999982147;18125289626.87;29060571707.84;29060623589.46;"2023-05-21 17:00:00"
"2781";1.0001165702;1.0005909736;0.9994315531;0.9997964367;17922000958.21;28902262332.87;28908146971.17;"2023-05-28 17:00:00"
"2781";0.9998626816;1.0006480011;0.9994728782;0.9999339814;26670899385.3;28380686460.78;28382560238.85;"2023-06-04 17:00:00"
"2781";0.9997376827;1.0022586962;0.9992955087;1.0000177121;24355395499.29;28344923554.23;28344421516.17;"2023-06-11 17:00:00"
"2781";0.999990621;1.0008792676;0.999030621;1.0001374183;29456429463.73;28475942735.79;28472030156.58;"2023-06-18 17:00:00"
"2781";1.0001543652;1.0009375269;0.9994796923;1.0001346439;25886728614.61;27397505928.91;27393817519.78;"2023-06-25 17:00:00"
"2781";1.000201692;1.0008273632;0.9994400267;1.000112026;20692144048.86;27502801104.35;27499720419.58;"2023-07-02 17:00:00"
"2781";1.0001252642;1.0009287436;0.9994237087;1.0001689723;23807882561.5;27284675187.32;27280065610.89;"2023-07-09 17:00:00"
"2781";1.0001508103;1.0009123374;0.9993924581;0.9998766323;22197068502.29;26850411665.92;26853724547.58;"2023-07-16 17:00:00"
"2781";1.0000283837;1.0009760201;0.9993602389;1.0000220215;16816966958.4;26544894268.82;26544309723.44;"2023-07-23 17:00:00"
"2781";1.0000315373;1.0006452942;0.999255325;0.9998170696;20553164306.49;26040633408.95;26045397904.96;"2023-07-30 17:00:00"
"2781";0.9997303047;1.000829381;0.9995975683;1.0000280529;18088178872.83;26183335731.43;26182601233.11;"2023-08-06 17:00:00"
"2781";1.0000414621;1.0011550337;0.9992260293;1.0001021979;25066770726.72;25984261744.99;25981606480.43;"2023-08-13 17:00:00"
"2781";1.000094549;1.0009565636;0.9997566058;1.0000057159;19260417762.79;26043113038.99;26042964181.13;"2023-08-20 17:00:00"
"2781";1.0000073495;1.0015189885;0.9997184158;1.0001301725;21894739162.81;26207173233.97;26203762225.51;"2023-08-27 17:00:00"
"2781";1.0000529341;1.0011822094;0.9997758081;0.9999467751;16065397908.8;26152124245.57;26153516263.59;"2023-09-03 17:00:00"
"2781";0.9999627923;1.0010319915;0.9998073134;1.0000833908;20655470069.93;26168221491.31;26166039483.73;"2023-09-10 17:00:00"
"2781";1.0000248097;1.0007657121;0.9997471767;1.0000865361;18696385483.62;25781872893.17;25779642024.38;"2023-09-17 17:00:00"
"2781";1.0001125789;1.0011577223;0.9997994994;1.0000898514;17107547419.01;25132933912.99;25130675885.86;"2023-09-24 17:00:00"
"2781";1.0002876742;1.0006565508;0.9997079294;0.9999689927;17343123934.48;25543254704.14;25544046755.97;"2023-10-01 17:00:00"
"2781";0.999958321;1.000797733;0.9996845549;1.0003141107;15166468748.52;25164671458.23;25156769446.86;"2023-10-08 17:00:00"
"2781";1.0002327502;1.0008224736;0.9996430123;0.9999184027;20478871928.38;25556187646.47;25558273131.34;"2023-10-15 17:00:00"
"2781";1.0003010135;1.0007902726;0.9993255024;1.0000220507;34409600558.69;25040629793.66;25040077641.6;"2023-10-22 17:00:00"
"2781";0.9999512417;1.0007587347;0.9996435197;0.9999968458;26419872368.51;24592859150.19;24592936720.76;"2023-10-29 17:00:00"
"2781";1.0000906795;1.0008075074;0.9992034057;0.9996009852;32535396541.59;24219576889.06;24229244715.83;"2023-11-05 16:00:00"
"2781";0.999773467;1.0008109101;0.9993403175;0.9999763938;37389063504.14;24436265586.74;24436842447.19;"2023-11-12 16:00:00"
"2781";1.0000269137;1.0005745854;0.9992257656;0.9998677649;32486985223.58;24649203533.67;24652463454.97;"2023-11-19 16:00:00"
"2781";0.9998597189;1.0005330466;0.9988953912;0.9998963138;30670764057.68;24517129708.47;24519672059.77;"2023-11-26 16:00:00"
"2781";0.9999015404;1.0006559974;0.9990457445;1.0000284075;41399878052.2;24549469682.11;24548772312.12;"2023-12-03 16:00:00"
"2781";1.0000951047;1.0029671034;0.9996932671;1.0005456146;42057937259.17;24622363957.71;24608936962.17;"2023-12-10 16:00:00"
"2781";1.0002129538;1.0012373448;0.9996962678;1.0003088152;36704730202.64;25109287881.52;25101536144.72;"2023-12-17 16:00:00"
"2781";1.0003117929;1.0012272117;0.9996845362;1.0000696458;37684263337.16;24519751149.22;24518043570.86;"2023-12-24 16:00:00"
"2781";1.0000953939;1.0009255195;0.9978137632;0.9999800232;40385623917.92;25384180608.91;25384687714.98;"2023-12-31 16:00:00"
"2781";1.0000378127;1.0008578582;0.9993774478;1.0001913923;52946404020.61;25486391647.5;25481514682.48;"2024-01-07 16:00:00"
"2781";1.000155309;1.0016252137;0.9996938392;1.0000193286;32415694566.32;25774773289;25774275109.13;"2024-01-14 16:00:00"
"2781";1.0000207457;1.0011846109;0.9996997488;1.0001225105;36933785730.46;26142770904.91;26139568533.01;"2024-01-21 16:00:00"
"2781";1.0001165938;1.0009201127;0.9997539783;1.0001271705;33065280907.9;27107305249.57;27103858438.66;"2024-01-28 16:00:00"
"2781";1.0001666838;1.0008896321;0.9993761165;0.9999424246;36765639872.31;27926388851.36;27927996817.63;"2024-02-04 16:00:00"
"2781";0.9999289148;1.0007798097;0.9992045795;1.0000520632;41030867600.15;28071806087.35;28070344654.49;"2024-02-11 16:00:00"
"2781";1.0000318691;1.0005585807;0.9992833173;0.9998749726;37616039776.82;28180925305.62;28184449135.13;"2024-02-18 16:00:00"
"2781";1.0000030989;1.0004350428;0.9980708498;0.9998900195;56448427946.85;29001243814.25;29004433736.56;"2024-02-25 16:00:00"
"2781";0.9999008441;1.0015259342;0.9978895775;0.9999950556;75085489760.77;30141803644.56;30141952679.06;"2024-03-03 16:00:00"
"2781";1.0000031476;1.002098409;0.9984851535;1.0001537415;89529049499.22;30843460800.87;30837650469.49;"2024-03-10 17:00:00"
"2781";1.0001884168;1.0017249635;0.9992227554;1.0001483332;69425869013.01;32025535920.69;32022588057.43;"2024-03-17 17:00:00"
"2781";1.0000920557;1.0011941533;0.9988471737;0.9999984528;53339818520.72;32419596997.18;32420439425.35;"2024-03-24 17:00:00"
"2781";0.9999740155;1.0012768787;0.9989891584;0.9999214138;69817868737.71;32937732237.34;32939363285.4;"2024-03-31 17:00:00"
"2781";0.9999504833;1.0017303731;0.9989704506;1.0002906447;64442157980.32;32348682412.93;32339283170.95;"2024-04-07 17:00:00"
"2781";1.0003060494;1.0011722886;0.9992663625;1.0000065447;57362438071.56;33943490879.05;33943268731.74;"2024-04-14 17:00:00"
"2781";1.0000842749;1.0013093367;0.9995709388;1.0000637166;42445250126.88;33500399323.16;33498062143.37;"2024-04-21 17:00:00"
"2781";1.0000697706;1.0017250928;0.9993326779;1.0002257237;48737885017.67;33618199267.59;33608203090.14;"2024-04-28 17:00:00"
"2781";1.0002974327;1.0024673158;0.9996029651;1.0000267816;33908678016.6;33129958998.2;33129187675.4;"2024-05-05 17:00:00"
"2781";1.0000232823;1.0015741441;0.9994331006;0.9999527493;39936391537.67;33497672911.75;33498641300.79;"2024-05-12 17:00:00"
"2781";0.9999710917;1.0015743228;0.9993192164;0.999953305;53171835126.97;32642522111.04;32644272747.74;"2024-05-19 17:00:00"
"2781";0.9999463723;1.0012712868;0.9995194424;0.9999087583;37769859866.95;32360543487.57;32361934446.16;"2024-05-26 17:00:00"
"2781";0.9999570187;1.0010350437;0.9995783576;0.9999518821;36714539975.74;32212914442.69;32214464535.3;"2024-06-02 17:00:00"
"2781";0.9999605574;1.0007600569;0.9995986214;0.9999700039;35955626427.97;32512888197.48;32513863487.91;"2024-06-09 17:00:00"
"2781";1.0000302941;1.0015540527;0.9996861503;0.9999482128;33433868470.48;32708576331.86;32710270305.03;"2024-06-16 17:00:00"
"2781";0.9999778341;1.0008218194;0.9995470058;0.9999329053;41977618476.43;32254812371.84;32256976642.58;"2024-06-23 17:00:00"
"2781";0.9999015859;1.0009869192;0.999483086;0.9999017341;39491938226.53;33733965979.27;33737281202.89;"2024-06-30 17:00:00"
"2781";0.9998425651;1.001681989;0.9994904439;0.9999440089;37814799409.94;33946413696.23;33948314499.6;"2024-07-07 17:00:00"
"2781";1.0000667619;1.0014027504;0.9996028318;1.0000252902;44602866600.38;34004085775.54;34003205708.54;"2024-07-14 17:00:00"
"2781";1.0000258819;1.0012820603;0.9993536827;0.9999063794;41410334087.83;34148900490.71;34152097829.38;"2024-07-21 17:00:00"
"2781";0.9999186427;1.0017379702;0.9994907285;0.9999711301;46244943942.57;33271648952.39;33274138959.58;"2024-07-28 17:00:00"
"2781";0.9999251669;1.0019099545;0.9987496656;0.9998440008;72154009458.65;34456032564.71;34460935671.06;"2024-08-04 17:00:00"
"2781";0.9998577199;1.0012896343;0.9992443658;1.0004768332;37932788517.17;34824841549.46;34816371741.75;"2024-08-11 17:00:00"
"2781";1.0002432708;1.0013527576;0.9993231984;1.0000367191;37023401888.92;34806769557.62;34805491531.64;"2024-08-18 17:00:00"
"2781";0.9999579183;1.0020380527;0.9992495773;0.9999925326;38187094769.43;34742514868.61;34742068929.54;"2024-08-25 17:00:00"
"2781";1.0000128357;1.0012849503;0.9994818735;0.9999119026;41479297914.86;35012771108.84;35010886291.86;"2024-09-01 17:00:00"
"2781";1.0000538352;1.0014641032;0.9992834297;1.0000503864;41907032178.96;35722812129.58;35722927029.43;"2024-09-08 17:00:00"
"2781";0.9999967836;1.0014693217;0.9993264862;1.000020074;39217655328.07;35933879378.53;35932958663.99;"2024-09-15 17:00:00"
"2781";1.0000256231;1.0012956658;0.9992383502;0.9998990875;36061201178.88;36240860154.2;36244724316.92;"2024-09-22 17:00:00"
"2781";0.9998933869;1.0013603207;0.9993408355;0.9999388067;42253429918.72;35576366234.13;35579460914.13;"2024-09-29 17:00:00"
"2781";0.9999130206;1.0011374593;0.999486584;0.9998000183;36952594660.38;35019996124.03;35027168084.34;"2024-10-06 17:00:00"
"2781";0.9997952458;1.0009908525;0.9985773444;0.9999072968;39429673039.37;35000529885.92;35004203216.51;"2024-10-13 17:00:00"
"2781";0.9998950603;1.0012391443;0.9993669618;0.9999573173;45460186233.85;34670492181.78;34674275941.72;"2024-10-20 17:00:00"
"2781";0.999890877;1.0009926611;0.9990282253;0.9999055181;58888196031.44;34894272759.27;34895141805.29;"2024-10-27 17:00:00"
"2781";0.9999750955;1.0012181335;0.998762017;0.9999939774;72447107894.96;36997754292.83;36995976687.54;"2024-11-03 16:00:00"
"2781";1.0000480486;1.0006902353;0.9981879116;1.0000443429;98501601305.89;37125236748.49;37123055318.92;"2024-11-10 16:00:00"
"2781";1.0000587621;1.0008086746;0.9987812255;0.9998115177;93775701219.62;38957891905.06;38964745080.89;"2024-11-17 16:00:00"
"2781";1.0000234865;1.001118388;0.9985775356;0.9999920543;79046339786.43;40009216437.03;40008642931.32;"2024-11-24 16:00:00"
"2781";1.0000143345;1.0010205143;0.9981668461;1.0001339138;89840181314.11;41034381573.63;41033943511.74;"2024-12-01 16:00:00"
"2781";1.0000106756;1.0015745977;0.9987246079;0.9997290851;92177981180.28;42113984557.02;42128080951.57;"2024-12-08 16:00:00"
"2781";0.999665392;1.0015772532;0.9981645867;1.0000053913;107626906167.81;42999419851.55;42999776669.58;"2024-12-15 16:00:00"
"2781";0.9999917019;1.0012389567;0.9991890226;0.999976314;50353023444.49;43619921669.6;43616756026.81;"2024-12-22 16:00:00"
"2781";1.0000725786;1.0012760621;0.9995629481;1.0000622505;49306687164.65;45614128884.52;45611310510.72;"2024-12-29 16:00:00"
"2781";1.0000617911;1.001489069;0.999331172;0.9999673667;61730825177.27;45747627405.04;45749017022.69;"2025-01-05 16:00:00"
"2781";0.9999696252;1.0022949336;0.9989948342;1.0005192132;100215370322.86;48057169960.48;48034421457.77;"2025-01-12 16:00:00"
"2781";1.0004735875;1.0017319754;0.9991241707;0.9999810953;96087796598.23;52200924518.18;52201911379.51;"2025-01-19 16:00:00"
"2781";1.0000744956;1.0013214844;0.9987600966;0.9999416003;75179469400.45;53401954901.82;53408852128.29;"2025-01-26 16:00:00"
"2781";0.9998708599;1.001637635;0.9983317351;1.0000267493;77722024748.45;56199285136.85;56197671744.05;"2025-02-02 16:00:00"
"2781";1.0000287092;1.0018575578;0.9991197555;0.9999469441;57243416941.27;56457482085.99;56456622239.32;"2025-02-09 16:00:00"
"2781";1.0000152302;1.0010404267;0.9993048425;1.0000437138;50419667692.53;57173757220.14;57171521150.41;"2025-02-16 16:00:00"
"2781";1.0000391116;1.0026004005;0.9990034569;1.0000275992;102044226095.66;56371530465.31;56371262521.67;"2025-02-23 16:00:00"
"2781";1.0000047532;1.0026969528;0.9988208746;0.9998533854;69255133569.95;58115071282.89;58119002399.71;"2025-03-02 16:00:00"
"2781";0.9999323609;1.0021470897;0.9988471565;1.0001184106;89720119908.55;58722467613.58;58715474870.2;"2025-03-09 17:00:00"
"2781";1.0001190954;1.00187991;0.9990482064;1.0000272863;53017181735.48;59710105774.78;59702178225.23;"2025-03-16 17:00:00"
"2781";1.0001327849;1.001565828;0.999567401;1.00005994;61835598192.54;60190955381;60188245014.11;"2025-03-23 17:00:00"
"2781";1.0000450315;1.0010768314;0.9984695076;0.9999427775;78880940423.35;60336255573.65;60335540198.12;"2025-03-30 17:00:00"
"2781";1.0000118566;1.0012947309;0.9986084072;0.999905197;103755135524.28;60054612706.27;60057619447.86;"2025-04-06 17:00:00"
"2781";0.9999499357;1.0006168739;0.9991035363;0.9999874423;53167804876.87;60910836226.54;60912510344.4;"2025-04-13 17:00:00"
"2781";0.999972516;1.000816122;0.9987690797;0.9999017092;76398265956.31;62077792518.92;62082929044.68;"2025-04-20 17:00:00"
"2781";0.9999172635;1.0010502315;0.9994565336;0.9999743966;59464104312.77;61504038144.49;61502510569.2;"2025-04-27 17:00:00"
"2781";1.0000248376;1.0009871529;0.9990911419;0.9999791647;87231875232.01;60800477796.41;60801384313.09;"2025-05-04 17:00:00"
"2781";0.9999850905;1.0007247665;0.9990880904;0.9999400124;76354937639.27;60862212540.17;60870617370.92;"2025-05-11 17:00:00"
"2781";0.999861923;1.0004275765;0.9987226724;0.9998658583;88720269709.03;61703807785.48;61718538628.48;"2025-05-18 17:00:00"
"2781";0.9997613222;1.0004283195;0.9988580309;0.9997504276;75676168123.98;60906762204.11;60923166284.16;"2025-05-25 17:00:00"
"2781";0.9997307415;1.0014375919;0.9988722879;0.9999006507;64852713605.87;61056380786.76;61061644153.56;"2025-06-01 17:00:00"
"2781";0.9999138024;1.000700976;0.998611216;0.9998046123;76048309794.77;61632038435.39;61640868822.97;"2025-06-08 17:00:00"
"2781";0.9998567446;1.0012146549;0.9991469477;0.9998939788;71527949413.73;61258642539.09;61264188941.68;"2025-06-15 17:00:00"
"2781";0.9999094675;1.001183292;0.9992592281;0.9998699094;63134934707.38;61682736877.98;61688957771.1;"2025-06-22 17:00:00"
"2781";0.9998991571;1.0012991291;0.9992978295;0.9999911678;54119375215.23;62234892215.55;62234054205.06;"2025-06-29 17:00:00"
"2781";1.0000134655;1.0011444185;0.9982909687;0.9999603046;79957488639.27;63654324499.17;63655679899.26;"2025-07-06 17:00:00"
"2781";0.9999787073;1.0008402374;0.9987786866;0.99981618;130605014702.42;64461841042.3;64469170249.21;"2025-07-13 17:00:00"
"2781";0.9998863145;1.0008510961;0.9993367831;0.9997912929;102381670910.14;64290486967.25;64300870656.77;"2025-07-20 17:00:00"
"2781";0.999838514;1.0018560656;0.9992020995;0.9998362226;94199466811.86;64179854302.17;64183835025.78;"2025-07-27 17:00:00"
"2781";0.9999379793;1.0008474623;0.9992948989;0.9999243285;88560366892.98;65207051297.62;65211982116.75;"2025-08-03 17:00:00"
"2781";0.9999243878;1.000722709;0.9985276935;0.9999350902;132316057675.09;68165630155.29;68169554648.29;"2025-08-10 17:00:00"
"2781";0.9999424304;1.0018371018;0.9986835838;0.9997846759;121913214744.24;67462908492.14;67471721868.82;"2025-08-17 17:00:00"
"2781";0.9998693767;1.0017134259;0.9991842037;0.9997903246;115690142390.57;71543115152.24;71563445617.84;"2025-08-24 17:00:00"
"2781";0.9997159099;1.0011092417;0.9991234075;1.0000686325;89292569301.52;72514780390.5;72514536495.5;"2025-08-31 17:00:00"
"2781";1.0000033634;1.0006589279;0.9990601583;1.0000329661;104198848081.44;73206327486.88;73208958511.77;"2025-09-07 17:00:00"
"2781";0.9999640614;1.0015008801;0.9993037642;0.9997992788;114623176856.5;73969719393.49;73982997794.65;"2025-09-14 17:00:00"
"2781";0.9998205209;1.0012472003;0.9992445582;0.9998995499;121218096110.63;73687783429.16;73707693206.92;"2025-09-21 17:00:00"
"2781";0.999729882;1.0007333614;0.9990854725;0.9998061256;117303052859.27;75231105003.99;75247104370.26;"2025-09-28 17:00:00"
"2781";0.9997873757;1.0049588938;0.9966726865;1.0002881806;181558880705.98;75666961564.97;75650134595.87;"2025-10-05 17:00:00"