timeOpen;timeClose;timeHigh;timeLow;name;open;high;low;close;volume;marketCap;timestamp
"2025-10-01T00:00:00.000Z";"2025-10-01T23:59:59.999Z";"2025-10-01T22:10:00.000Z";"2025-10-01T09:36:00.000Z";"2781";0.9998055617;1.0003217623;0.9993801079;1.0000125816;19015696129.61;74152605468.52;"2025-10-01T23:59:59.999Z"
"2025-09-30T00:00:00.000Z";"2025-09-30T23:59:59.999Z";"2025-09-30T14:01:00.000Z";"2025-09-30T20:54:00.000Z";"2781";0.9997625297;1.0007333614;0.999364541;0.9997946595;16243262405.36;73871249728.78;"2025-09-30T23:59:59.999Z"
"2025-09-29T00:00:00.000Z";"2025-09-29T23:59:59.999Z";"2025-09-29T13:44:00.000Z";"2025-09-29T02:41:00.000Z";"2781";0.999729882;1.0007114754;0.9993324328;0.9998222995;15591146722.92;73532445096.2;"2025-09-29T23:59:59.999Z"
"2025-09-28T00:00:00.000Z";"2025-09-28T23:59:59.999Z";"2025-09-28T22:44:00.000Z";"2025-09-28T19:12:00.000Z";"2781";0.9998298835;1.0007334796;0.9993252807;0.9998995499;9271470844;73687783429.16;"2025-09-28T23:59:59.999Z"
"2025-09-27T00:00:00.000Z";"2025-09-27T23:59:59.999Z";"2025-09-27T22:18:00.000Z";"2025-09-27T02:22:00.000Z";"2781";0.9997580837;1.0004278224;0.9993420299;0.9998298295;8597379909.78;73734619361.77;"2025-09-27T23:59:59.999Z"
"2025-09-26T00:00:00.000Z";"2025-09-26T23:59:59.999Z";"2025-09-26T15:03:00.000Z";"2025-09-26T13:35:00.000Z";"2781";0.9999303143;1.0008454235;0.9992527388;0.9997482822;19578086528.33;73774176997.92;"2025-09-26T23:59:59.999Z"
"2025-09-25T00:00:00.000Z";"2025-09-25T23:59:59.999Z";"2025-09-25T12:30:00.000Z";"2025-09-25T13:08:00.000Z";"2781";0.9996984838;1.0012472003;0.9992445582;1.0000161592;26930517234.42;73985343484.79;"2025-09-25T23:59:59.999Z"
"2025-09-24T00:00:00.000Z";"2025-09-24T23:59:59.999Z";"2025-09-24T13:38:00.000Z";"2025-09-24T03:35:00.000Z";"2781";0.9996632052;1.0008486927;0.999304832;0.9996935103;15374932240.34;74150783482.47;"2025-09-24T23:59:59.999Z"
"2025-09-23T00:00:00.000Z";"2025-09-23T23:59:59.999Z";"2025-09-23T02:56:00.000Z";"2025-09-23T10:22:00.000Z";"2781";0.9998534678;1.0006265516;0.9993672334;0.9996821408;17131156894.5;73978443190.23;"2025-09-23T23:59:59.999Z"
"2025-09-22T00:00:00.000Z";"2025-09-22T23:59:59.999Z";"2025-09-22T06:01:00.000Z";"2025-09-22T06:12:00.000Z";"2781";0.9998205209;1.001002792;0.9994205239;0.9999819272;24334552459.26;74148753177.04;"2025-09-22T23:59:59.999Z"
"2025-09-21T00:00:00.000Z";"2025-09-21T23:59:59.999Z";"2025-09-21T02:22:00.000Z";"2025-09-21T23:04:00.000Z";"2781";0.9997562429;1.0009471766;0.9994172474;0.9997992788;9451899159.78;73969719393.49;"2025-09-21T23:59:59.999Z"
"2025-09-20T00:00:00.000Z";"2025-09-20T23:59:59.999Z";"2025-09-20T01:38:00.000Z";"2025-09-20T02:02:00.000Z";"2781";0.9999585886;1.0006036233;0.9993905816;0.99972701;8885529948.01;73990305213.88;"2025-09-20T23:59:59.999Z"
"2025-09-19T00:00:00.000Z";"2025-09-19T23:59:59.999Z";"2025-09-19T23:15:00.000Z";"2025-09-19T20:52:00.000Z";"2781";0.9995923689;1.0005014202;0.9993596007;0.9998931541;12775678194.48;74185440290.47;"2025-09-19T23:59:59.999Z"
"2025-09-18T00:00:00.000Z";"2025-09-18T23:59:59.999Z";"2025-09-18T02:14:00.000Z";"2025-09-18T19:30:00.000Z";"2781";0.9998786455;1.0004361242;0.9994065222;0.9997041869;27483010207.93;74328717805.02;"2025-09-18T23:59:59.999Z"
"2025-09-17T00:00:00.000Z";"2025-09-17T23:59:59.999Z";"2025-09-17T18:02:00.000Z";"2025-09-17T18:01:00.000Z";"2781";1.0001958058;1.0015008801;0.9993069574;0.9999034888;24465422204.2;73616915104.67;"2025-09-17T23:59:59.999Z"
"2025-09-16T00:00:00.000Z";"2025-09-16T23:59:59.999Z";"2025-09-16T14:24:00.000Z";"2025-09-16T02:38:00.000Z";"2781";0.9998809674;1.000693526;0.9994386778;1.0001690224;14448278590.66;73663983998.65;"2025-09-16T23:59:59.999Z"
"2025-09-15T00:00:00.000Z";"2025-09-15T23:59:59.999Z";"2025-09-15T01:26:00.000Z";"2025-09-15T16:55:00.000Z";"2781";0.9999640614;1.0008753956;0.9993037642;0.9999856026;17113358551.44;73200181014.94;"2025-09-15T23:59:59.999Z"
"2025-09-14T00:00:00.000Z";"2025-09-14T23:59:59.999Z";"2025-09-14T23:51:00.000Z";"2025-09-14T01:23:00.000Z";"2781";0.9996477224;1.0003611205;0.9991607573;1.0000329661;12869800871.72;73206327486.88;"2025-09-14T23:59:59.999Z"
"2025-09-13T00:00:00.000Z";"2025-09-13T23:59:59.999Z";"2025-09-13T13:59:00.000Z";"2025-09-13T03:48:00.000Z";"2781";0.9997009972;1.0001085705;0.9990615307;0.9996494221;13143947640.68;73151116798.18;"2025-09-13T23:59:59.999Z"
"2025-09-12T00:00:00.000Z";"2025-09-12T23:59:59.999Z";"2025-09-12T22:18:00.000Z";"2025-09-12T15:05:00.000Z";"2781";0.999747564;1.0002238816;0.9990601583;0.9997820465;19459637605.48;72990275632.99;"2025-09-12T23:59:59.999Z"
"2025-09-11T00:00:00.000Z";"2025-09-11T23:59:59.999Z";"2025-09-11T23:14:00.000Z";"2025-09-11T20:58:00.000Z";"2781";0.999781375;1.0001778572;0.9990769624;0.999757536;15710414377.89;72445805257.99;"2025-09-11T23:59:59.999Z"
"2025-09-10T00:00:00.000Z";"2025-09-10T23:59:59.999Z";"2025-09-10T02:01:00.000Z";"2025-09-10T02:58:00.000Z";"2781";0.9998909783;1.0006589279;0.9992637659;0.9998485541;15333630537.1;72366369196.33;"2025-09-10T23:59:59.999Z"
"2025-09-09T00:00:00.000Z";"2025-09-09T23:59:59.999Z";"2025-09-09T00:49:00.000Z";"2025-09-09T14:08:00.000Z";"2781";0.9998561281;1.0002021251;0.9992681039;0.9998866871;14130609482.01;72679954769.63;"2025-09-09T23:59:59.999Z"
"2025-09-08T00:00:00.000Z";"2025-09-08T23:59:59.999Z";"2025-09-08T05:52:00.000Z";"2025-09-08T15:56:00.000Z";"2781";1.0000033634;1.0004544943;0.9992980205;0.999810349;13550807566.56;72553561071.61;"2025-09-08T23:59:59.999Z"
"2025-09-07T00:00:00.000Z";"2025-09-07T23:59:59.999Z";"2025-09-07T07:30:00.000Z";"2025-09-07T12:12:00.000Z";"2781";0.9998368756;1.000506266;0.9994739653;1.0000686325;6648281704.73;72514780390.5;"2025-09-07T23:59:59.999Z"
"2025-09-06T00:00:00.000Z";"2025-09-06T23:59:59.999Z";"2025-09-06T18:10:00.000Z";"2025-09-06T12:11:00.000Z";"2781";0.9998343115;1.0007758543;0.9992172551;0.9998538127;5985125336.5;72547856649.02;"2025-09-06T23:59:59.999Z"
"2025-09-05T00:00:00.000Z";"2025-09-05T23:59:59.999Z";"2025-09-05T12:32:00.000Z";"2025-09-05T12:32:00.000Z";"2781";0.9999193168;1.0010813154;0.9992735703;0.9998391948;17107891795.05;72552511025.26;"2025-09-05T23:59:59.999Z"
"2025-09-04T00:00:00.000Z";"2025-09-04T23:59:59.999Z";"2025-09-04T12:21:00.000Z";"2025-09-04T14:53:00.000Z";"2781";0.9999912341;1.0008614991;0.9993351615;0.9998941065;12609800924.42;72579904914.71;"2025-09-04T23:59:59.999Z"
"2025-09-03T00:00:00.000Z";"2025-09-03T23:59:59.999Z";"2025-09-03T13:38:00.000Z";"2025-09-03T12:09:00.000Z";"2781";0.9998061326;1.0010170949;0.9995226089;1.0000341589;13147418934.12;72686840826.39;"2025-09-03T23:59:59.999Z"
"2025-09-02T00:00:00.000Z";"2025-09-02T23:59:59.999Z";"2025-09-02T13:52:00.000Z";"2025-09-02T00:30:00.000Z";"2781";0.9998370035;1.0011092417;0.9992892928;0.9998654204;16704202079.07;72153657334.77;"2025-09-02T23:59:59.999Z"
"2025-09-01T00:00:00.000Z";"2025-09-01T23:59:59.999Z";"2025-09-01T00:54:00.000Z";"2025-09-01T10:43:00.000Z";"2781";0.9997159099;1.0009836736;0.9991234075;0.9999050393;17089848527.63;71516584098.48;"2025-09-01T23:59:59.999Z"
"2025-08-31T00:00:00.000Z";"2025-08-31T23:59:59.999Z";"2025-08-31T13:21:00.000Z";"2025-08-31T13:00:00.000Z";"2781";0.9998720632;1.0007158144;0.9994038439;0.9997903246;9422306317.85;71543115152.24;"2025-08-31T23:59:59.999Z"
"2025-08-30T00:00:00.000Z";"2025-08-30T23:59:59.999Z";"2025-08-30T02:01:00.000Z";"2025-08-30T03:41:00.000Z";"2781";0.999891149;1.0011478578;0.9994305293;0.9998154765;9549055113.21;71544102637.46;"2025-08-30T23:59:59.999Z"
"2025-08-29T00:00:00.000Z";"2025-08-29T23:59:59.999Z";"2025-08-29T07:02:00.000Z";"2025-08-29T14:19:00.000Z";"2781";0.9999554243;1.001178621;0.9991842037;0.9999137615;20747617893.75;71549338006.36;"2025-08-29T23:59:59.999Z"
"2025-08-28T00:00:00.000Z";"2025-08-28T23:59:59.999Z";"2025-08-28T09:47:00.000Z";"2025-08-28T13:58:00.000Z";"2781";0.9999876328;1.0014625216;0.9993066294;0.9999957088;15359022660.6;70631912731.03;"2025-08-28T23:59:59.999Z"
"2025-08-27T00:00:00.000Z";"2025-08-27T23:59:59.999Z";"2025-08-27T20:22:00.000Z";"2025-08-27T15:05:00.000Z";"2781";1.0000031101;1.0014183579;0.999379804;0.999989419;18664613785.07;69353744420.31;"2025-08-27T23:59:59.999Z"
"2025-08-26T00:00:00.000Z";"2025-08-26T23:59:59.999Z";"2025-08-26T13:50:00.000Z";"2025-08-26T13:59:00.000Z";"2781";0.9998505789;1.0017134259;0.9993002489;1.0000185781;19383954605.65;69024427396.11;"2025-08-26T23:59:59.999Z"
"2025-08-25T00:00:00.000Z";"2025-08-25T23:59:59.999Z";"2025-08-25T20:35:00.000Z";"2025-08-25T00:20:00.000Z";"2781";0.9998693767;1.0014190779;0.999302931;0.9998714648;22563572014.44;68069286577.92;"2025-08-25T23:59:59.999Z"
"2025-08-24T00:00:00.000Z";"2025-08-24T23:59:59.999Z";"2025-08-24T19:37:00.000Z";"2025-08-24T01:27:00.000Z";"2781";1.0000518773;1.0018371018;0.9991800191;0.9997846759;18928901669.38;67462908492.14;"2025-08-24T23:59:59.999Z"
"2025-08-23T00:00:00.000Z";"2025-08-23T23:59:59.999Z";"2025-08-23T10:11:00.000Z";"2025-08-23T03:06:00.000Z";"2781";0.9998210243;1.0007957734;0.999260191;0.999977807;12118973017.43;67560757228.59;"2025-08-23T23:59:59.999Z"
"2025-08-22T00:00:00.000Z";"2025-08-22T23:59:59.999Z";"2025-08-22T14:11:00.000Z";"2025-08-22T06:35:00.000Z";"2781";0.9997490892;1.0017232899;0.9986835838;0.9998229207;23347410778.61;67573432407.12;"2025-08-22T23:59:59.999Z"
"2025-08-21T00:00:00.000Z";"2025-08-21T23:59:59.999Z";"2025-08-21T14:55:00.000Z";"2025-08-21T20:36:00.000Z";"2781";0.9998260219;1.0009751474;0.9991249501;0.9997101224;13587141721.04;67139615049.74;"2025-08-21T23:59:59.999Z"
"2025-08-20T00:00:00.000Z";"2025-08-20T23:59:59.999Z";"2025-08-20T13:42:00.000Z";"2025-08-20T09:11:00.000Z";"2781";1.000155701;1.0011329751;0.999454027;0.999819265;17516160086.85;67505181200.26;"2025-08-20T23:59:59.999Z"
"2025-08-19T00:00:00.000Z";"2025-08-19T23:59:59.999Z";"2025-08-19T08:32:00.000Z";"2025-08-19T16:43:00.000Z";"2781";0.9999101166;1.000938002;0.9994854178;1.0001952963;18271587873.6;67943806537.34;"2025-08-19T23:59:59.999Z"
"2025-08-18T00:00:00.000Z";"2025-08-18T23:59:59.999Z";"2025-08-18T02:10:00.000Z";"2025-08-18T01:39:00.000Z";"2781";0.9999424304;1.0008511927;0.9992820937;0.9999095971;18143039597.33;68384860047.38;"2025-08-18T23:59:59.999Z"
"2025-08-17T00:00:00.000Z";"2025-08-17T23:59:59.999Z";"2025-08-17T18:56:00.000Z";"2025-08-17T04:51:00.000Z";"2781";0.9999214396;1.0006278362;0.9996845572;0.9999350902;10186621236.42;68165630155.29;"2025-08-17T23:59:59.999Z"
"2025-08-16T00:00:00.000Z";"2025-08-16T23:59:59.999Z";"2025-08-16T10:00:00.000Z";"2025-08-16T12:31:00.000Z";"2781";0.9998923438;1.000722709;0.999628009;0.9999392302;10123245722.05;68179247626.48;"2025-08-16T23:59:59.999Z"
"2025-08-15T00:00:00.000Z";"2025-08-15T23:59:59.999Z";"2025-08-15T23:05:00.000Z";"2025-08-15T12:31:00.000Z";"2781";0.9999440339;1.0006573509;0.9993487141;0.9999038085;20681294601.66;68175264471.57;"2025-08-15T23:59:59.999Z"
"2025-08-14T00:00:00.000Z";"2025-08-14T23:59:59.999Z";"2025-08-14T12:36:00.000Z";"2025-08-14T06:06:00.000Z";"2781";0.9998330467;1.0005391847;0.9985276935;0.9998626429;29102475003.93;67671730058.39;"2025-08-14T23:59:59.999Z"
"2025-08-13T00:00:00.000Z";"2025-08-13T23:59:59.999Z";"2025-08-13T15:16:00.000Z";"2025-08-13T15:18:00.000Z";"2781";0.9997873092;1.0002058445;0.9988408523;0.9998672754;22930563657.97;67039298447.3;"2025-08-13T23:59:59.999Z"
"2025-08-12T00:00:00.000Z";"2025-08-12T23:59:59.999Z";"2025-08-12T12:36:00.000Z";"2025-08-12T20:17:00.000Z";"2781";0.9998885395;1.0006770542;0.9993834461;0.9997971298;20558939449.03;66403214957.28;"2025-08-12T23:59:59.999Z"
"2025-08-11T00:00:00.000Z";"2025-08-11T23:59:59.999Z";"2025-08-11T13:50:00.000Z";"2025-08-11T13:37:00.000Z";"2781";0.9999243878;1.0007138018;0.9994724697;1.000082094;18732918004.03;65587120152.51;"2025-08-11T23:59:59.999Z"
"2025-08-10T00:00:00.000Z";"2025-08-10T23:59:59.999Z";"2025-08-10T20:13:00.000Z";"2025-08-10T11:42:00.000Z";"2781";0.999884157;1.0005017384;0.9994118753;0.9999243285;12193306381.81;65207051297.62;"2025-08-10T23:59:59.999Z"
"2025-08-09T00:00:00.000Z";"2025-08-09T23:59:59.999Z";"2025-08-09T15:23:00.000Z";"2025-08-09T15:24:00.000Z";"2781";0.9997837816;1.0005230583;0.9995275324;0.9999488748;11707660629.1;65284908024.7;"2025-08-09T23:59:59.999Z"
"2025-08-08T00:00:00.000Z";"2025-08-08T23:59:59.999Z";"2025-08-08T00:44:00.000Z";"2025-08-08T03:23:00.000Z";"2781";0.9998655048;1.0008474623;0.9992948989;0.9998225966;15080567439.91;65306377363.86;"2025-08-08T23:59:59.999Z"
"2025-08-07T00:00:00.000Z";"2025-08-07T23:59:59.999Z";"2025-08-07T17:18:00.000Z";"2025-08-07T10:04:00.000Z";"2781";0.9998929685;1.0005556931;0.999429848;0.9998464241;14119800390.78;64789806887.11;"2025-08-07T23:59:59.999Z"
"2025-08-06T00:00:00.000Z";"2025-08-06T23:59:59.999Z";"2025-08-06T13:37:00.000Z";"2025-08-06T09:16:00.000Z";"2781";0.9999022795;1.000757946;0.9994656948;0.9999144425;10916165113.84;64659249599.39;"2025-08-06T23:59:59.999Z"
"2025-08-05T00:00:00.000Z";"2025-08-05T23:59:59.999Z";"2025-08-05T06:52:00.000Z";"2025-08-05T14:41:00.000Z";"2781";0.9998466097;1.0005825276;0.9993692912;0.9998685414;12482917548.96;64579280949.87;"2025-08-05T23:59:59.999Z"
"2025-08-04T00:00:00.000Z";"2025-08-04T23:59:59.999Z";"2025-08-04T14:06:00.000Z";"2025-08-04T13:36:00.000Z";"2781";0.9999379793;1.0006893302;0.9994570541;0.9998125497;12059949388.58;64372747306.7;"2025-08-04T23:59:59.999Z"
"2025-08-03T00:00:00.000Z";"2025-08-03T23:59:59.999Z";"2025-08-03T11:16:00.000Z";"2025-08-03T00:44:00.000Z";"2781";0.9998195864;1.0007814415;0.9995478932;0.9998362226;8058008600.35;64179854302.17;"2025-08-03T23:59:59.999Z"
"2025-08-02T00:00:00.000Z";"2025-08-02T23:59:59.999Z";"2025-08-02T21:59:00.000Z";"2025-08-02T21:05:00.000Z";"2781";0.9997064273;1.0009980092;0.9994863985;0.9998233674;10038466859.6;64198872643.49;"2025-08-02T23:59:59.999Z"
"2025-08-01T00:00:00.000Z";"2025-08-01T23:59:59.999Z";"2025-08-01T08:06:00.000Z";"2025-08-01T20:03:00.000Z";"2781";1.0000124021;1.0010720172;0.9992020995;0.9997888843;19199023765.95;64250399367.88;"2025-08-01T23:59:59.999Z"
"2025-07-31T00:00:00.000Z";"2025-07-31T23:59:59.999Z";"2025-07-31T21:56:00.000Z";"2025-07-31T13:20:00.000Z";"2781";0.9998636634;1.0010381844;0.9995593519;1.0000318381;13445008332.28;64118105570.85;"2025-07-31T23:59:59.999Z"
"2025-07-30T00:00:00.000Z";"2025-07-30T23:59:59.999Z";"2025-07-30T18:47:00.000Z";"2025-07-30T18:11:00.000Z";"2781";0.9998329361;1.0011881293;0.9993671862;0.9998633166;14423286073.55;64023386506.67;"2025-07-30T23:59:59.999Z"
"2025-07-29T00:00:00.000Z";"2025-07-29T23:59:59.999Z";"2025-07-29T00:35:00.000Z";"2025-07-29T19:23:00.000Z";"2781";0.9998137324;1.0018560656;0.9993809231;0.9998052517;14152832123.72;63811840657.14;"2025-07-29T23:59:59.999Z"
"2025-07-28T00:00:00.000Z";"2025-07-28T23:59:59.999Z";"2025-07-28T22:42:00.000Z";"2025-07-28T19:54:00.000Z";"2781";0.999838514;1.0009035623;0.9993820331;0.9998307583;14882841056.41;63882842800.57;"2025-07-28T23:59:59.999Z"
"2025-07-27T00:00:00.000Z";"2025-07-27T23:59:59.999Z";"2025-07-27T14:57:00.000Z";"2025-07-27T16:30:00.000Z";"2781";0.9999796398;1.000642372;0.9994568749;0.9997912929;10077840034.74;64290486967.25;"2025-07-27T23:59:59.999Z"
"2025-07-26T00:00:00.000Z";"2025-07-26T23:59:59.999Z";"2025-07-26T16:09:00.000Z";"2025-07-26T18:17:00.000Z";"2781";0.9999593768;1.0005912935;0.9996251109;1.0000044635;8378511168.02;64301854923.83;"2025-07-26T23:59:59.999Z"
"2025-07-25T00:00:00.000Z";"2025-07-25T23:59:59.999Z";"2025-07-25T05:14:00.000Z";"2025-07-25T04:29:00.000Z";"2781";1.0000796649;1.0007739727;0.9993865247;0.9999013281;18063900377.06;64033550627.36;"2025-07-25T23:59:59.999Z"
"2025-07-24T00:00:00.000Z";"2025-07-24T23:59:59.999Z";"2025-07-24T13:56:00.000Z";"2025-07-24T06:20:00.000Z";"2781";0.9998795737;1.0008510961;0.9995962204;1.0000796649;15424381497.08;65137320188.98;"2025-07-24T23:59:59.999Z"
"2025-07-23T00:00:00.000Z";"2025-07-23T23:59:59.999Z";"2025-07-23T17:37:00.000Z";"2025-07-23T05:36:00.000Z";"2781";0.9998272189;1.0007181853;0.9995551647;0.999847321;16808656532.06;64671598505.06;"2025-07-23T23:59:59.999Z"
"2025-07-22T00:00:00.000Z";"2025-07-22T23:59:59.999Z";"2025-07-22T14:26:00.000Z";"2025-07-22T07:03:00.000Z";"2781";0.9997578313;1.0003908574;0.9994466173;0.9998071091;17095427045;64754808382.44;"2025-07-22T23:59:59.999Z"
"2025-07-21T00:00:00.000Z";"2025-07-21T23:59:59.999Z";"2025-07-21T01:36:00.000Z";"2025-07-21T00:27:00.000Z";"2781";0.9998863145;1.0003683455;0.9993367831;0.9998207767;16532954256.18;64750259096.94;"2025-07-21T23:59:59.999Z"
"2025-07-20T00:00:00.000Z";"2025-07-20T23:59:59.999Z";"2025-07-20T22:14:00.000Z";"2025-07-20T14:16:00.000Z";"2781";0.9999115954;1.0002646719;0.999369422;0.99981618;16253482797.68;64461841042.3;"2025-07-20T23:59:59.999Z"
"2025-07-19T00:00:00.000Z";"2025-07-19T23:59:59.999Z";"2025-07-19T00:03:00.000Z";"2025-07-19T16:07:00.000Z";"2781";0.9999124788;1.0001681984;0.9994423487;0.9999073854;11628426139.17;64596496944.78;"2025-07-19T23:59:59.999Z"
"2025-07-18T00:00:00.000Z";"2025-07-18T23:59:59.999Z";"2025-07-18T14:18:00.000Z";"2025-07-18T01:33:00.000Z";"2781";0.9999760868;1.0008402374;0.9995531655;0.9999314529;26908573485.53;64797438570.5;"2025-07-18T23:59:59.999Z"
"2025-07-17T00:00:00.000Z";"2025-07-17T23:59:59.999Z";"2025-07-17T07:04:00.000Z";"2025-07-17T13:54:00.000Z";"2781";0.9999099986;1.0002155825;0.9993671441;1.0000103336;21906138430.19;64728259880.82;"2025-07-17T23:59:59.999Z"
"2025-07-16T00:00:00.000Z";"2025-07-16T23:59:59.999Z";"2025-07-16T00:43:00.000Z";"2025-07-16T08:39:00.000Z";"2781";0.9999379101;1.0006277938;0.9996081929;0.9999099986;17506051650.73;63484745314.03;"2025-07-16T23:59:59.999Z"
"2025-07-15T00:00:00.000Z";"2025-07-15T23:59:59.999Z";"2025-07-15T14:11:00.000Z";"2025-07-15T02:02:00.000Z";"2781";0.999872559;1.0007605406;0.9991065645;0.9999379101;18602272526.5;62369711353;"2025-07-15T23:59:59.999Z"
"2025-07-14T00:00:00.000Z";"2025-07-14T23:59:59.999Z";"2025-07-14T02:32:00.000Z";"2025-07-14T02:25:00.000Z";"2781";0.9999787073;1.0003986121;0.9987786866;0.9998438369;17800069672.62;63388899803.52;"2025-07-14T23:59:59.999Z"
"2025-07-13T00:00:00.000Z";"2025-07-13T23:59:59.999Z";"2025-07-13T18:05:00.000Z";"2025-07-13T12:52:00.000Z";"2781";0.999895674;1.0003853872;0.9983426931;0.9999603046;8461787676.84;63654324499.17;"2025-07-13T23:59:59.999Z"
"2025-07-12T00:00:00.000Z";"2025-07-12T23:59:59.999Z";"2025-07-12T12:50:00.000Z";"2025-07-12T14:11:00.000Z";"2781";0.9996366168;1.0005500254;0.9990338624;0.9999559479;8994227811.6;63625958917.83;"2025-07-12T23:59:59.999Z"
"2025-07-11T00:00:00.000Z";"2025-07-11T23:59:59.999Z";"2025-07-11T17:24:00.000Z";"2025-07-11T22:35:00.000Z";"2781";0.999869142;1.0003367097;0.9987232066;0.9994402231;18217653748.54;63493501081.82;"2025-07-11T23:59:59.999Z"
"2025-07-10T00:00:00.000Z";"2025-07-10T23:59:59.999Z";"2025-07-10T13:49:00.000Z";"2025-07-10T21:20:00.000Z";"2781";1.0001823043;1.0007690946;0.9982909687;0.9998651886;15815857770.53;62841702471.41;"2025-07-10T23:59:59.999Z"
"2025-07-09T00:00:00.000Z";"2025-07-09T23:59:59.999Z";"2025-07-09T14:29:00.000Z";"2025-07-09T18:09:00.000Z";"2781";0.9999397083;1.0011444185;0.9995556793;1.0001822316;11342438463.87;62389551768.7;"2025-07-09T23:59:59.999Z"
"2025-07-08T00:00:00.000Z";"2025-07-08T23:59:59.999Z";"2025-07-08T14:55:00.000Z";"2025-07-08T00:28:00.000Z";"2781";0.9999185339;1.0009561332;0.9994967824;0.9999397083;8584432860.5;61969371238.14;"2025-07-08T23:59:59.999Z"
"2025-07-07T00:00:00.000Z";"2025-07-07T23:59:59.999Z";"2025-07-07T16:21:00.000Z";"2025-07-07T14:18:00.000Z";"2781";1.0000134655;1.0010795546;0.9993849224;0.9999361163;8541090307.39;61997804292.73;"2025-07-07T23:59:59.999Z"
"2025-07-06T00:00:00.000Z";"2025-07-06T23:59:59.999Z";"2025-07-06T14:44:00.000Z";"2025-07-06T13:53:00.000Z";"2781";0.9999268827;1.0008133814;0.9993996596;0.9999911678;5146917512.07;62234892215.55;"2025-07-06T23:59:59.999Z"
"2025-07-05T00:00:00.000Z";"2025-07-05T23:59:59.999Z";"2025-07-05T16:38:00.000Z";"2025-07-05T00:44:00.000Z";"2781";0.9999280474;1.0006718923;0.9996261896;0.9999268716;3602760501.14;62213446724.3;"2025-07-05T23:59:59.999Z"
"2025-07-04T00:00:00.000Z";"2025-07-04T23:59:59.999Z";"2025-07-04T14:41:00.000Z";"2025-07-04T00:27:00.000Z";"2781";0.9998649415;1.0006582087;0.9995179357;1.0000463409;7747270404.9;62150890419.22;"2025-07-04T23:59:59.999Z"
"2025-07-03T00:00:00.000Z";"2025-07-03T23:59:59.999Z";"2025-07-03T16:54:00.000Z";"2025-07-03T12:34:00.000Z";"2781";0.9998672112;1.0012991291;0.9995118773;0.99996471;9758263202.53;62180874732.92;"2025-07-03T23:59:59.999Z"
"2025-07-02T00:00:00.000Z";"2025-07-02T23:59:59.999Z";"2025-07-02T14:24:00.000Z";"2025-07-02T01:20:00.000Z";"2781";0.9998901153;1.0009439833;0.9995734396;0.999825296;11124702357.02;61785811263.82;"2025-07-02T23:59:59.999Z"
"2025-07-01T00:00:00.000Z";"2025-07-01T23:59:59.999Z";"2025-07-01T23:12:00.000Z";"2025-07-01T19:08:00.000Z";"2781";1.0000729394;1.000902697;0.9996394895;0.9998661868;7863372172.58;61650775141.32;"2025-07-01T23:59:59.999Z"
"2025-06-30T00:00:00.000Z";"2025-06-30T23:59:59.999Z";"2025-06-30T20:02:00.000Z";"2025-06-30T01:19:00.000Z";"2781";0.9998991571;1.0006567312;0.9992978295;1.0000185061;8876089064.99;61504303980.44;"2025-06-30T23:59:59.999Z"
"2025-06-29T00:00:00.000Z";"2025-06-29T23:59:59.999Z";"2025-06-29T12:11:00.000Z";"2025-06-29T22:38:00.000Z";"2781";0.9998348729;1.0001604987;0.9994269626;0.9998699094;4981220318.49;61682736877.98;"2025-06-29T23:59:59.999Z"
"2025-06-28T00:00:00.000Z";"2025-06-28T23:59:59.999Z";"2025-06-28T09:09:00.000Z";"2025-06-28T12:53:00.000Z";"2781";0.9998949588;1.0001340414;0.9995955409;0.99983404;4015558104.37;61708053392.63;"2025-06-28T23:59:59.999Z"
"2025-06-27T00:00:00.000Z";"2025-06-27T23:59:59.999Z";"2025-06-27T12:32:00.000Z";"2025-06-27T01:17:00.000Z";"2781";0.9996999407;1.0004091611;0.9994702674;0.9998660512;8447973357.4;61723026677.02;"2025-06-27T23:59:59.999Z"
"2025-06-26T00:00:00.000Z";"2025-06-26T23:59:59.999Z";"2025-06-26T01:42:00.000Z";"2025-06-26T01:34:00.000Z";"2781";0.9996423067;1.0002906586;0.9992592281;0.9997672996;9274454781.09;61700066797.35;"2025-06-26T23:59:59.999Z"
"2025-06-25T00:00:00.000Z";"2025-06-25T23:59:59.999Z";"2025-06-25T00:36:00.000Z";"2025-06-25T15:49:00.000Z";"2781";0.999931832;1.0004271578;0.999317619;0.9994295127;9748172042.14;61769127008.46;"2025-06-25T23:59:59.999Z"
"2025-06-24T00:00:00.000Z";"2025-06-24T23:59:59.999Z";"2025-06-24T06:06:00.000Z";"2025-06-24T15:24:00.000Z";"2781";1.0004377565;1.0008892248;0.9994804218;0.9999543942;11980793060.93;61898475744.21;"2025-06-24T23:59:59.999Z"
"2025-06-23T00:00:00.000Z";"2025-06-23T23:59:59.999Z";"2025-06-23T17:07:00.000Z";"2025-06-23T22:25:00.000Z";"2781";0.9999094675;1.001183292;0.9992623184;1.0004329165;14686763042.96;61619507945.03;"2025-06-23T23:59:59.999Z"
"2025-06-22T00:00:00.000Z";"2025-06-22T23:59:59.999Z";"2025-06-22T13:29:00.000Z";"2025-06-22T02:29:00.000Z";"2781";1.0001454746;1.0011534356;0.9993930111;0.9998939788;13027778965.58;61258642539.09;"2025-06-22T23:59:59.999Z"
"2025-06-21T00:00:00.000Z";"2025-06-21T23:59:59.999Z";"2025-06-21T21:32:00.000Z";"2025-06-21T23:36:00.000Z";"2781";0.9999422547;1.0012146549;0.9994373844;0.9997224914;7263078240.23;61267548975.61;"2025-06-21T23:59:59.999Z"
"2025-06-20T00:00:00.000Z";"2025-06-20T23:59:59.999Z";"2025-06-20T14:24:00.000Z";"2025-06-20T11:46:00.000Z";"2781";0.9998727899;1.0006197401;0.9994615749;0.9999424981;10219555385.26;61267788289.42;"2025-06-20T23:59:59.999Z"
"2025-06-19T00:00:00.000Z";"2025-06-19T23:59:59.999Z";"2025-06-19T22:03:00.000Z";"2025-06-19T07:18:00.000Z";"2781";0.9998442495;1.000670225;0.9995750065;0.9998993514;7012804058.3;61405870894.09;"2025-06-19T23:59:59.999Z"
"2025-06-18T00:00:00.000Z";"2025-06-18T23:59:59.999Z";"2025-06-18T16:17:00.000Z";"2025-06-18T19:14:00.000Z";"2781";0.9999191187;1.0010266413;0.9991469477;0.9998326327;10252994413.14;61516608140.8;"2025-06-18T23:59:59.999Z"
"2025-06-17T00:00:00.000Z";"2025-06-17T23:59:59.999Z";"2025-06-17T01:11:00.000Z";"2025-06-17T00:28:00.000Z";"2781";0.9998674607;1.0006399377;0.9994450691;0.9999192517;11930708142.35;61553524244.78;"2025-06-17T23:59:59.999Z"
"2025-06-16T00:00:00.000Z";"2025-06-16T23:59:59.999Z";"2025-06-16T07:05:00.000Z";"2025-06-16T00:27:00.000Z";"2781";0.9998567446;1.0009039073;0.9995315918;0.9999342497;11821030208.87;61637201166.33;"2025-06-16T23:59:59.999Z"
"2025-06-15T00:00:00.000Z";"2025-06-15T23:59:59.999Z";"2025-06-15T00:29:00.000Z";"2025-06-15T22:45:00.000Z";"2781";0.9999026948;1.0006258987;0.9994221317;0.9998046123;6601492164.8;61632038435.39;"2025-06-15T23:59:59.999Z"
"2025-06-14T00:00:00.000Z";"2025-06-14T23:59:59.999Z";"2025-06-14T22:32:00.000Z";"2025-06-14T16:19:00.000Z";"2781";0.9997978009;1.000700976;0.99956239;0.9999493851;5927291346.69;61663941615.06;"2025-06-14T23:59:59.999Z"
"2025-06-13T00:00:00.000Z";"2025-06-13T23:59:59.999Z";"2025-06-13T01:14:00.000Z";"2025-06-13T11:45:00.000Z";"2781";0.9997845107;1.0003627978;0.9989139545;0.9997112209;15711024870.55;61683352727.79;"2025-06-13T23:59:59.999Z"
"2025-06-12T00:00:00.000Z";"2025-06-12T23:59:59.999Z";"2025-06-12T22:45:00.000Z";"2025-06-12T03:30:00.000Z";"2781";0.999829449;1.0003598608;0.9991143805;0.9997287293;12038406499.71;61088839059.51;"2025-06-12T23:59:59.999Z"
"2025-06-11T00:00:00.000Z";"2025-06-11T23:59:59.999Z";"2025-06-11T21:33:00.000Z";"2025-06-11T22:36:00.000Z";"2781";0.9998486928;1.0002775192;0.9989780612;0.999828454;12114377963.11;61238338656.86;"2025-06-11T23:59:59.999Z"
"2025-06-10T00:00:00.000Z";"2025-06-10T23:59:59.999Z";"2025-06-10T10:41:00.000Z";"2025-06-10T20:00:00.000Z";"2781";0.9999033837;1.0002090771;0.998611216;0.999804905;12534543489.82;60983360894.36;"2025-06-10T23:59:59.999Z"
"2025-06-09T00:00:00.000Z";"2025-06-09T23:59:59.999Z";"2025-06-09T00:40:00.000Z";"2025-06-09T21:28:00.000Z";"2781";0.9999138024;1.0004720689;0.9994760713;0.999936055;11121173460.09;61034503882.59;"2025-06-09T23:59:59.999Z"
"2025-06-08T00:00:00.000Z";"2025-06-08T23:59:59.999Z";"2025-06-08T09:28:00.000Z";"2025-06-08T11:24:00.000Z";"2781";0.9998311025;1.0004266621;0.9994784096;0.9999006507;5642596754.38;61056380786.76;"2025-06-08T23:59:59.999Z"
"2025-06-07T00:00:00.000Z";"2025-06-07T23:59:59.999Z";"2025-06-07T13:58:00.000Z";"2025-06-07T07:22:00.000Z";"2781";0.9998180843;1.0004486616;0.9995614017;0.9998043609;5939831749.59;61083450576.92;"2025-06-07T23:59:59.999Z"
"2025-06-06T00:00:00.000Z";"2025-06-06T23:59:59.999Z";"2025-06-06T05:18:00.000Z";"2025-06-06T12:31:00.000Z";"2781";1.0001477072;1.0010018177;0.9993964925;0.9998318495;10624202500.19;61111851024.8;"2025-06-06T23:59:59.999Z"
"2025-06-05T00:00:00.000Z";"2025-06-05T23:59:59.999Z";"2025-06-05T20:22:00.000Z";"2025-06-05T02:14:00.000Z";"2781";0.9998119372;1.0014375919;0.9988819004;1.0000528883;12971199685.31;61146089099.34;"2025-06-05T23:59:59.999Z"
"2025-06-04T00:00:00.000Z";"2025-06-04T23:59:59.999Z";"2025-06-04T21:41:00.000Z";"2025-06-04T15:56:00.000Z";"2781";0.999777695;1.0000774651;0.9988722879;0.9997634761;8468630530.98;61506392077.31;"2025-06-04T23:59:59.999Z"
"2025-06-03T00:00:00.000Z";"2025-06-03T23:59:59.999Z";"2025-06-03T04:32:00.000Z";"2025-06-03T13:42:00.000Z";"2781";0.9999135106;1.0002314376;0.9990577519;0.999711557;11229827939.92;61470978284.63;"2025-06-03T23:59:59.999Z"
"2025-06-02T00:00:00.000Z";"2025-06-02T23:59:59.999Z";"2025-06-02T09:37:00.000Z";"2025-06-02T14:02:00.000Z";"2781";0.9997307415;1.0001467069;0.9994350722;0.9998990505;9976424445.5;61178682346.83;"2025-06-02T23:59:59.999Z"
"2025-06-01T00:00:00.000Z";"2025-06-01T23:59:59.999Z";"2025-06-01T01:55:00.000Z";"2025-06-01T02:11:00.000Z";"2781";0.9998315739;1.0002571562;0.9994150191;0.9997504276;6956757549.32;60906762204.11;"2025-06-01T23:59:59.999Z"
"2025-05-31T00:00:00.000Z";"2025-05-31T23:59:59.999Z";"2025-05-31T00:15:00.000Z";"2025-05-31T00:18:00.000Z";"2781";0.999691687;1.0003103288;0.9994004264;0.9998316911;8112828883.64;60968211305.65;"2025-05-31T23:59:59.999Z"
"2025-05-30T00:00:00.000Z";"2025-05-30T23:59:59.999Z";"2025-05-30T23:20:00.000Z";"2025-05-30T14:33:00.000Z";"2781";0.9996291454;1.0004283195;0.9992280625;0.99974161;14037798803.09;61029338010.35;"2025-05-30T23:59:59.999Z"
"2025-05-29T00:00:00.000Z";"2025-05-29T23:59:59.999Z";"2025-05-29T04:46:00.000Z";"2025-05-29T02:27:00.000Z";"2781";0.999799439;1.0001856826;0.9991731654;0.9996089536;12819165934.37;61108609970.22;"2025-05-29T23:59:59.999Z"
"2025-05-28T00:00:00.000Z";"2025-05-28T23:59:59.999Z";"2025-05-28T16:12:00.000Z";"2025-05-28T18:54:00.000Z";"2781";0.999782609;1.000167346;0.9989202862;0.9998171246;10577895466.36;61255336472.94;"2025-05-28T23:59:59.999Z"
"2025-05-27T00:00:00.000Z";"2025-05-27T23:59:59.999Z";"2025-05-27T01:23:00.000Z";"2025-05-27T16:16:00.000Z";"2781";0.9998125933;1.0002733136;0.9988580309;0.9997746042;12566362778.04;61391796334.95;"2025-05-27T23:59:59.999Z"
"2025-05-26T00:00:00.000Z";"2025-05-26T23:59:59.999Z";"2025-05-26T01:28:00.000Z";"2025-05-26T07:20:00.000Z";"2781";0.9997613222;1.0003843906;0.999016603;0.9998122411;10605358709.16;61545516838.69;"2025-05-26T23:59:59.999Z"
"2025-05-25T00:00:00.000Z";"2025-05-25T23:59:59.999Z";"2025-05-25T08:51:00.000Z";"2025-05-25T02:56:00.000Z";"2781";1.0000161292;1.0002776659;0.9989195645;0.9998658583;8742768425.82;61703807785.48;"2025-05-25T23:59:59.999Z"
"2025-05-24T00:00:00.000Z";"2025-05-24T23:59:59.999Z";"2025-05-24T12:12:00.000Z";"2025-05-24T00:19:00.000Z";"2781";0.999774894;1.0002850341;0.9989828256;0.9999341423;7377433613.67;61735729993.41;"2025-05-24T23:59:59.999Z"
"2025-05-23T00:00:00.000Z";"2025-05-23T23:59:59.999Z";"2025-05-23T12:26:00.000Z";"2025-05-23T23:58:00.000Z";"2781";0.9993745266;1.0004275765;0.9990082773;0.9997853856;16085759238.94;61725023593.91;"2025-05-23T23:59:59.999Z"
"2025-05-22T00:00:00.000Z";"2025-05-22T23:59:59.999Z";"2025-05-22T03:38:00.000Z";"2025-05-22T13:40:00.000Z";"2781";0.9998361597;1.0002229851;0.9987226724;0.9994382327;14980112894.16;61317012175.78;"2025-05-22T23:59:59.999Z"
"2025-05-21T00:00:00.000Z";"2025-05-21T23:59:59.999Z";"2025-05-21T17:29:00.000Z";"2025-05-21T10:13:00.000Z";"2781";0.9998928473;1.0004190944;0.9991296217;0.9998966177;16330278132.53;61186462661.26;"2025-05-21T23:59:59.999Z"
"2025-05-20T00:00:00.000Z";"2025-05-20T23:59:59.999Z";"2025-05-20T18:18:00.000Z";"2025-05-20T08:20:00.000Z";"2781";0.9999578616;1.0003750307;0.9990275869;0.9998943534;11702597698.86;60659368051.41;"2025-05-20T23:59:59.999Z"
"2025-05-19T00:00:00.000Z";"2025-05-19T23:59:59.999Z";"2025-05-19T00:14:00.000Z";"2025-05-19T17:10:00.000Z";"2781";0.999861923;1.0003337382;0.9991075332;0.9999621898;13501319705.05;60632760564.43;"2025-05-19T23:59:59.999Z"
"2025-05-18T00:00:00.000Z";"2025-05-18T23:59:59.999Z";"2025-05-18T18:17:00.000Z";"2025-05-18T22:04:00.000Z";"2781";0.9999013522;1.0003508847;0.9990880904;0.9999400124;9206519660.72;60862212540.17;"2025-05-18T23:59:59.999Z"
"2025-05-17T00:00:00.000Z";"2025-05-17T23:59:59.999Z";"2025-05-17T18:35:00.000Z";"2025-05-17T18:15:00.000Z";"2781";0.9999063544;1.0002400162;0.9993351697;0.9999238892;6911257569.51;60895411159.08;"2025-05-17T23:59:59.999Z"
"2025-05-16T00:00:00.000Z";"2025-05-16T23:59:59.999Z";"2025-05-16T02:20:00.000Z";"2025-05-16T17:17:00.000Z";"2781";0.9998205314;1.0003410404;0.9992405362;0.9999063655;9520953398.45;60902143407.52;"2025-05-16T23:59:59.999Z"
"2025-05-15T00:00:00.000Z";"2025-05-15T23:59:59.999Z";"2025-05-15T20:09:00.000Z";"2025-05-15T08:03:00.000Z";"2781";0.9999767899;1.0004672378;0.9993823465;0.9998741869;11937891646.86;60569087845.52;"2025-05-15T23:59:59.999Z"
"2025-05-14T00:00:00.000Z";"2025-05-14T23:59:59.999Z";"2025-05-14T13:45:00.000Z";"2025-05-14T13:40:00.000Z";"2781";1.0000083304;1.0003970607;0.9994425482;0.9999699974;11084092067.94;60633498294.43;"2025-05-14T23:59:59.999Z"
"2025-05-13T00:00:00.000Z";"2025-05-13T23:59:59.999Z";"2025-05-13T03:29:00.000Z";"2025-05-13T12:33:00.000Z";"2781";1.0000747477;1.0006376012;0.9996296706;1.0000750614;12265069905.46;60860876474.94;"2025-05-13T23:59:59.999Z"
"2025-05-12T00:00:00.000Z";"2025-05-12T23:59:59.999Z";"2025-05-12T18:48:00.000Z";"2025-05-12T07:01:00.000Z";"2781";0.9999850905;1.0007247665;0.9994332927;1.0000759233;15429153390.33;60904089583.07;"2025-05-12T23:59:59.999Z"
"2025-05-11T00:00:00.000Z";"2025-05-11T23:59:59.999Z";"2025-05-11T01:25:00.000Z";"2025-05-11T08:43:00.000Z";"2781";1.000040327;1.0004116957;0.999241851;0.9999791647;9538712032.9;60800477796.41;"2025-05-11T23:59:59.999Z"
"2025-05-10T00:00:00.000Z";"2025-05-10T23:59:59.999Z";"2025-05-10T15:37:00.000Z";"2025-05-10T16:02:00.000Z";"2781";1.0000251091;1.0002986971;0.9990911419;1.0000276166;11056735651.39;60808489568.83;"2025-05-10T23:59:59.999Z"
"2025-05-09T00:00:00.000Z";"2025-05-09T23:59:59.999Z";"2025-05-09T08:41:00.000Z";"2025-05-09T15:35:00.000Z";"2781";0.999922591;1.0009237641;0.9994090461;0.9999980216;20283556219.53;60697525510.47;"2025-05-09T23:59:59.999Z"
"2025-05-08T00:00:00.000Z";"2025-05-08T23:59:59.999Z";"2025-05-08T15:54:00.000Z";"2025-05-08T15:43:00.000Z";"2781";0.9999269633;1.0008745282;0.9993282748;0.9999479532;18666751901.79;60868887829.19;"2025-05-08T23:59:59.999Z"
"2025-05-07T00:00:00.000Z";"2025-05-07T23:59:59.999Z";"2025-05-07T13:50:00.000Z";"2025-05-07T18:34:00.000Z";"2781";0.9999528283;1.0007671343;0.9994681864;0.9999219101;9504150860.72;60943460755.2;"2025-05-07T23:59:59.999Z"
"2025-05-06T00:00:00.000Z";"2025-05-06T23:59:59.999Z";"2025-05-06T10:47:00.000Z";"2025-05-06T12:50:00.000Z";"2781";0.9999059892;1.0009846196;0.9996722263;0.9999832379;9735549194.44;60956570771.68;"2025-05-06T23:59:59.999Z"
"2025-05-05T00:00:00.000Z";"2025-05-05T23:59:59.999Z";"2025-05-05T21:35:00.000Z";"2025-05-05T01:37:00.000Z";"2781";1.0000248376;1.0009871529;0.9996882684;0.9998841687;8446419371.24;61782378048.44;"2025-05-05T23:59:59.999Z"
"2025-05-04T00:00:00.000Z";"2025-05-04T23:59:59.999Z";"2025-05-04T22:04:00.000Z";"2025-05-04T01:22:00.000Z";"2781";0.9998657029;1.0010502315;0.9996943733;0.9999743966;5567029250.1;61504038144.49;"2025-05-04T23:59:59.999Z"
"2025-05-03T00:00:00.000Z";"2025-05-03T23:59:59.999Z";"2025-05-03T23:29:00.000Z";"2025-05-03T02:59:00.000Z";"2781";0.9998957344;1.0007269943;0.9996942294;0.9999737376;4826910164.96;61502342815.87;"2025-05-03T23:59:59.999Z"
"2025-05-02T00:00:00.000Z";"2025-05-02T23:59:59.999Z";"2025-05-02T12:35:00.000Z";"2025-05-02T12:38:00.000Z";"2781";0.9998487056;1.0003114536;0.9994929599;0.9998895723;8583953657.01;61522402380.07;"2025-05-02T23:59:59.999Z"
"2025-05-01T00:00:00.000Z";"2025-05-01T23:59:59.999Z";"2025-05-01T10:32:00.000Z";"2025-05-01T22:07:00.000Z";"2781";1.0001010673;1.0008883111;0.9995730061;0.999866477;10463292535.4;61461832246.76;"2025-05-01T23:59:59.999Z"
"2025-04-30T00:00:00.000Z";"2025-04-30T23:59:59.999Z";"2025-04-30T13:20:00.000Z";"2025-04-30T18:08:00.000Z";"2781";1.0000230144;1.0009370383;0.9994565336;1.0000405882;9764127556.72;61516639385.81;"2025-04-30T23:59:59.999Z"
"2025-04-29T00:00:00.000Z";"2025-04-29T23:59:59.999Z";"2025-04-29T12:52:00.000Z";"2025-04-29T01:47:00.000Z";"2781";1.0000323185;1.0006338663;0.9996755306;1.0000043055;9391457250.91;62144179085.1;"2025-04-29T23:59:59.999Z"
"2025-04-28T00:00:00.000Z";"2025-04-28T23:59:59.999Z";"2025-04-28T20:28:00.000Z";"2025-04-28T03:33:00.000Z";"2781";0.9999172635;1.0007038071;0.9995369639;1.0000041128;10867333897.67;62030377091.44;"2025-04-28T23:59:59.999Z"
"2025-04-27T00:00:00.000Z";"2025-04-27T23:59:59.999Z";"2025-04-27T01:21:00.000Z";"2025-04-27T22:17:00.000Z";"2781";1.0001391441;1.0007894364;0.9995892046;0.9999017092;6350730742.27;62077792518.92;"2025-04-27T23:59:59.999Z"
"2025-04-26T00:00:00.000Z";"2025-04-26T23:59:59.999Z";"2025-04-26T16:44:00.000Z";"2025-04-26T02:44:00.000Z";"2781";0.9998839106;1.0006520576;0.9994652858;1.0000105024;7151498584.62;62264376786.41;"2025-04-26T23:59:59.999Z"
"2025-04-25T00:00:00.000Z";"2025-04-25T23:59:59.999Z";"2025-04-25T14:32:00.000Z";"2025-04-25T14:47:00.000Z";"2781";0.9999238814;1.0003778061;0.9991433101;0.9999414287;12976876536.76;62353236281.88;"2025-04-25T23:59:59.999Z"
"2025-04-24T00:00:00.000Z";"2025-04-24T23:59:59.999Z";"2025-04-24T08:36:00.000Z";"2025-04-24T01:57:00.000Z";"2781";0.9998639761;1.000555568;0.9994310189;0.9998430822;11129405829.75;62121407691.57;"2025-04-24T23:59:59.999Z"
"2025-04-23T00:00:00.000Z";"2025-04-23T23:59:59.999Z";"2025-04-23T13:46:00.000Z";"2025-04-23T01:28:00.000Z";"2781";0.9997734957;1.0004592494;0.9989083414;0.9998981267;13860599905.94;61887816624.55;"2025-04-23T23:59:59.999Z"
"2025-04-22T00:00:00.000Z";"2025-04-22T23:59:59.999Z";"2025-04-22T21:51:00.000Z";"2025-04-22T21:50:00.000Z";"2781";0.9999420961;1.000816122;0.9988855187;0.9998036827;14475389658.94;61734685834.4;"2025-04-22T23:59:59.999Z"
"2025-04-21T00:00:00.000Z";"2025-04-21T23:59:59.999Z";"2025-04-21T14:33:00.000Z";"2025-04-21T00:42:00.000Z";"2781";0.999972516;1.0005155148;0.9987690797;0.9999028757;10453764698.03;60931948402.29;"2025-04-21T23:59:59.999Z"
"2025-04-20T00:00:00.000Z";"2025-04-20T23:59:59.999Z";"2025-04-20T07:20:00.000Z";"2025-04-20T10:56:00.000Z";"2781";0.9999695816;1.0003908584;0.9993300626;0.9999874423;4503260697.99;60910836226.54;"2025-04-20T23:59:59.999Z"
"2025-04-19T00:00:00.000Z";"2025-04-19T23:59:59.999Z";"2025-04-19T04:33:00.000Z";"2025-04-19T18:36:00.000Z";"2781";0.9998220822;1.0003004214;0.9991035363;0.9999491905;4255964173.15;60909061096.38;"2025-04-19T23:59:59.999Z"
"2025-04-18T00:00:00.000Z";"2025-04-18T23:59:59.999Z";"2025-04-18T22:00:00.000Z";"2025-04-18T07:34:00.000Z";"2781";0.999908581;1.0003863033;0.9991177208;0.9997883508;4681472582.71;60892651642.17;"2025-04-18T23:59:59.999Z"
"2025-04-17T00:00:00.000Z";"2025-04-17T23:59:59.999Z";"2025-04-17T13:36:00.000Z";"2025-04-17T18:05:00.000Z";"2781";0.9999297596;1.0003140649;0.9992203546;0.9998852615;8550832288.2;60900001899.63;"2025-04-17T23:59:59.999Z"
"2025-04-16T00:00:00.000Z";"2025-04-16T23:59:59.999Z";"2025-04-16T17:52:00.000Z";"2025-04-16T18:22:00.000Z";"2781";0.9999710547;1.0006168739;0.9994765783;0.9999618248;10258839385.56;60489229848.24;"2025-04-16T23:59:59.999Z"
"2025-04-15T00:00:00.000Z";"2025-04-15T23:59:59.999Z";"2025-04-15T14:19:00.000Z";"2025-04-15T05:39:00.000Z";"2781";0.9997443105;1.0004010318;0.9994220262;0.9999273343;9638173513.73;60421698954.48;"2025-04-15T23:59:59.999Z"
"2025-04-14T00:00:00.000Z";"2025-04-14T23:59:59.999Z";"2025-04-14T13:47:00.000Z";"2025-04-14T02:29:00.000Z";"2781";0.9999499357;1.0004154882;0.9994058283;0.9997508857;11279262235.53;60189060931.17;"2025-04-14T23:59:59.999Z"
"2025-04-13T00:00:00.000Z";"2025-04-13T23:59:59.999Z";"2025-04-13T21:34:00.000Z";"2025-04-13T09:29:00.000Z";"2781";0.9998971898;1.000413961;0.9992792634;0.999905197;8398473377.55;60054612706.27;"2025-04-13T23:59:59.999Z"
"2025-04-12T00:00:00.000Z";"2025-04-12T23:59:59.999Z";"2025-04-12T14:27:00.000Z";"2025-04-12T04:33:00.000Z";"2781";0.9999652307;1.0004541294;0.999420935;0.9999933302;7676882234.48;60080217934.1;"2025-04-12T23:59:59.999Z"
"2025-04-11T00:00:00.000Z";"2025-04-11T23:59:59.999Z";"2025-04-11T14:01:00.000Z";"2025-04-11T12:31:00.000Z";"2781";0.999883383;1.0003804828;0.9992076615;0.9999671657;11171173047.27;60076087407.18;"2025-04-11T23:59:59.999Z"
"2025-04-10T00:00:00.000Z";"2025-04-10T23:59:59.999Z";"2025-04-10T13:38:00.000Z";"2025-04-10T19:57:00.000Z";"2781";0.9999027695;1.0006067302;0.999155262;0.9999474065;12968188423.71;59912761288.29;"2025-04-10T23:59:59.999Z"
"2025-04-09T00:00:00.000Z";"2025-04-09T23:59:59.999Z";"2025-04-09T03:37:00.000Z";"2025-04-09T17:32:00.000Z";"2781";0.999860153;1.0010381374;0.9987087884;0.9999286642;22801529129.45;59940890041.82;"2025-04-09T23:59:59.999Z"
"2025-04-08T00:00:00.000Z";"2025-04-08T23:59:59.999Z";"2025-04-08T19:45:00.000Z";"2025-04-08T18:31:00.000Z";"2781";1.0002208484;1.0008905118;0.998892356;0.9998389559;15359090304.48;60137296040.06;"2025-04-08T23:59:59.999Z"
"2025-04-07T00:00:00.000Z";"2025-04-07T23:59:59.999Z";"2025-04-07T14:25:00.000Z";"2025-04-07T13:52:00.000Z";"2781";1.0000118566;1.0012947309;0.9986084072;1.0002408191;25379799007.34;60262622184.72;"2025-04-07T23:59:59.999Z"
"2025-04-06T00:00:00.000Z";"2025-04-06T23:59:59.999Z";"2025-04-06T23:18:00.000Z";"2025-04-06T17:08:00.000Z";"2781";0.999989312;1.0008616353;0.9993592826;0.9999427775;11438674600.58;60336255573.65;"2025-04-06T23:59:59.999Z"
"2025-04-05T00:00:00.000Z";"2025-04-05T23:59:59.999Z";"2025-04-05T20:46:00.000Z";"2025-04-05T20:43:00.000Z";"2781";0.9999309036;1.0009179154;0.9995358138;0.9999930094;4505740439.05;60532831295.37;"2025-04-05T23:59:59.999Z"
"2025-04-04T00:00:00.000Z";"2025-04-04T23:59:59.999Z";"2025-04-04T02:03:00.000Z";"2025-04-04T12:31:00.000Z";"2781";0.9999369256;1.0006484641;0.9991682046;0.9999219637;14661520061.92;60570560553.61;"2025-04-04T23:59:59.999Z"
"2025-04-03T00:00:00.000Z";"2025-04-03T23:59:59.999Z";"2025-04-03T19:48:00.000Z";"2025-04-03T21:07:00.000Z";"2781";0.9999860287;1.0006573553;0.9994731223;0.999940534;12665493909.21;60867477942.7;"2025-04-03T23:59:59.999Z"
"2025-04-02T00:00:00.000Z";"2025-04-02T23:59:59.999Z";"2025-04-02T20:28:00.000Z";"2025-04-02T20:17:00.000Z";"2781";1.0000568354;1.0005584298;0.9984695076;1.0000012909;15685504944;60648969145.13;"2025-04-02T23:59:59.999Z"
"2025-04-01T00:00:00.000Z";"2025-04-01T23:59:59.999Z";"2025-04-01T00:30:00.000Z";"2025-04-01T15:51:00.000Z";"2781";0.999909934;1.0008451141;0.9996283825;1.0000374111;8951500962.73;60120543369.09;"2025-04-01T23:59:59.999Z"
"2025-03-31T00:00:00.000Z";"2025-03-31T23:59:59.999Z";"2025-03-31T00:08:00.000Z";"2025-03-31T14:51:00.000Z";"2781";1.0000450315;1.0010768314;0.9993995848;0.999886425;10972505505.86;60070916212.83;"2025-03-31T23:59:59.999Z"
"2025-03-30T00:00:00.000Z";"2025-03-30T23:59:59.999Z";"2025-03-30T02:29:00.000Z";"2025-03-30T11:42:00.000Z";"2781";0.9999119616;1.0011271528;0.9996185525;1.00005994;5545589305.2;60190955381;"2025-03-30T23:59:59.999Z"
"2025-03-29T00:00:00.000Z";"2025-03-29T23:59:59.999Z";"2025-03-29T18:06:00.000Z";"2025-03-29T19:59:00.000Z";"2781";1.000009528;1.0010664505;0.9996903412;0.9999168798;6452445829.51;60243858828.38;"2025-03-29T23:59:59.999Z"
"2025-03-28T00:00:00.000Z";"2025-03-28T23:59:59.999Z";"2025-03-28T04:42:00.000Z";"2025-03-28T11:23:00.000Z";"2781";0.9999539297;1.001565828;0.999567401;1.0000211238;11720323397.74;60254162143.6;"2025-03-28T23:59:59.999Z"
"2025-03-27T00:00:00.000Z";"2025-03-27T23:59:59.999Z";"2025-03-27T17:38:00.000Z";"2025-03-27T21:35:00.000Z";"2781";0.9998475607;1.0008285707;0.9996563563;0.9999328786;9335553639.09;60342859438.61;"2025-03-27T23:59:59.999Z"
"2025-03-26T00:00:00.000Z";"2025-03-26T23:59:59.999Z";"2025-03-26T14:31:00.000Z";"2025-03-26T21:38:00.000Z";"2781";1.0000331342;1.0008001141;0.9996449859;0.9998946297;8964829253.15;60168404854.08;"2025-03-26T23:59:59.999Z"
"2025-03-25T00:00:00.000Z";"2025-03-25T23:59:59.999Z";"2025-03-25T04:16:00.000Z";"2025-03-25T14:11:00.000Z";"2781";1.0000132782;1.0008350149;0.99963501;0.9999927318;9053718024.79;60125703585.74;"2025-03-25T23:59:59.999Z"
"2025-03-24T00:00:00.000Z";"2025-03-24T23:59:59.999Z";"2025-03-24T07:12:00.000Z";"2025-03-24T18:40:00.000Z";"2781";1.0001327849;1.0007420559;0.9997007639;1.0001069463;10763138743.06;59710286017.67;"2025-03-24T23:59:59.999Z"
"2025-03-23T00:00:00.000Z";"2025-03-23T23:59:59.999Z";"2025-03-23T22:33:00.000Z";"2025-03-23T11:18:00.000Z";"2781";1.0000265526;1.0007359914;0.9997209111;1.0000272863;4334955292.87;59710105774.78;"2025-03-23T23:59:59.999Z"
"2025-03-22T00:00:00.000Z";"2025-03-22T23:59:59.999Z";"2025-03-22T09:51:00.000Z";"2025-03-22T04:13:00.000Z";"2781";1.0000709354;1.0006811972;0.9996972734;1.0000211467;3687086900.84;59616902585.54;"2025-03-22T23:59:59.999Z"
"2025-03-21T00:00:00.000Z";"2025-03-21T23:59:59.999Z";"2025-03-21T09:47:00.000Z";"2025-03-21T12:55:00.000Z";"2781";0.9998472657;1.0009646407;0.9996614435;1.0000402496;8056596359.83;59671423093.48;"2025-03-21T23:59:59.999Z"
"2025-03-20T00:00:00.000Z";"2025-03-20T23:59:59.999Z";"2025-03-20T15:05:00.000Z";"2025-03-20T13:36:00.000Z";"2781";1.000007521;1.0009129085;0.9996209057;0.9998723207;10484925681.3;59323579774.42;"2025-03-20T23:59:59.999Z"
"2025-03-19T00:00:00.000Z";"2025-03-19T23:59:59.999Z";"2025-03-19T18:01:00.000Z";"2025-03-19T18:01:00.000Z";"2781";0.9999130061;1.00187991;0.9991968883;1.0000884106;11517621397.76;59173010894.54;"2025-03-19T23:59:59.999Z"
"2025-03-18T00:00:00.000Z";"2025-03-18T23:59:59.999Z";"2025-03-18T14:01:00.000Z";"2025-03-18T22:13:00.000Z";"2781";1.0000438865;1.0010251693;0.9995892023;0.9999134082;7571744811.1;58822779689.9;"2025-03-18T23:59:59.999Z"
"2025-03-17T00:00:00.000Z";"2025-03-17T23:59:59.999Z";"2025-03-17T13:53:00.000Z";"2025-03-17T12:31:00.000Z";"2781";1.0001190954;1.0009289338;0.9990482064;1.0000436985;7364251291.78;58807109944.32;"2025-03-17T23:59:59.999Z"
"2025-03-16T00:00:00.000Z";"2025-03-16T23:59:59.999Z";"2025-03-16T16:11:00.000Z";"2025-03-16T14:04:00.000Z";"2781";0.9999692419;1.0012675386;0.9995938995;1.0001184106;5342376239.2;58722467613.58;"2025-03-16T23:59:59.999Z"
"2025-03-15T00:00:00.000Z";"2025-03-15T23:59:59.999Z";"2025-03-15T17:36:00.000Z";"2025-03-15T20:02:00.000Z";"2781";0.9999407435;1.0007641186;0.9996676231;0.9999710293;4232926386.3;58770355045.37;"2025-03-15T23:59:59.999Z"
"2025-03-14T00:00:00.000Z";"2025-03-14T23:59:59.999Z";"2025-03-14T14:01:00.000Z";"2025-03-14T07:26:00.000Z";"2781";1.0000169482;1.0021470897;0.9994944028;0.9999988738;8847938132.83;58688699141.72;"2025-03-14T23:59:59.999Z"
"2025-03-13T00:00:00.000Z";"2025-03-13T23:59:59.999Z";"2025-03-13T23:11:00.000Z";"2025-03-13T12:31:00.000Z";"2781";0.9998329677;1.0014140371;0.9995029783;0.9999979097;11856838776.36;58329747040.79;"2025-03-13T23:59:59.999Z"
"2025-03-12T00:00:00.000Z";"2025-03-12T23:59:59.999Z";"2025-03-12T12:31:00.000Z";"2025-03-12T12:31:00.000Z";"2781";0.9998943356;1.0015665938;0.9990667607;0.9997671158;11962339616.2;58263621578.5;"2025-03-12T23:59:59.999Z"
"2025-03-11T00:00:00.000Z";"2025-03-11T23:59:59.999Z";"2025-03-11T01:16:00.000Z";"2025-03-11T01:08:00.000Z";"2781";1.0000908868;1.0015818999;0.9988471565;0.9999324318;14833420302.86;58115446943.58;"2025-03-11T23:59:59.999Z"
"2025-03-10T00:00:00.000Z";"2025-03-10T23:59:59.999Z";"2025-03-10T12:07:00.000Z";"2025-03-10T21:13:00.000Z";"2781";0.9999323609;1.0016144419;0.9993063842;1.0000425967;17810860151.94;57879658215.97;"2025-03-10T23:59:59.999Z"
"2025-03-09T00:00:00.000Z";"2025-03-09T23:59:59.999Z";"2025-03-09T16:11:00.000Z";"2025-03-09T23:11:00.000Z";"2781";0.9999522795;1.001286705;0.9995147168;0.9998533854;6144542710.84;58115071282.89;"2025-03-09T23:59:59.999Z"
"2025-03-08T00:00:00.000Z";"2025-03-08T23:59:59.999Z";"2025-03-08T01:34:00.000Z";"2025-03-08T01:36:00.000Z";"2781";0.9999116096;1.0014588953;0.999482517;0.9999279747;4127743058.89;58117403003.29;"2025-03-08T23:59:59.999Z"
"2025-03-07T00:00:00.000Z";"2025-03-07T23:59:59.999Z";"2025-03-07T01:43:00.000Z";"2025-03-07T15:50:00.000Z";"2781";1.000117898;1.0019104429;0.9990045962;0.9998267452;12032728232.48;58138297163.3;"2025-03-07T23:59:59.999Z"
"2025-03-06T00:00:00.000Z";"2025-03-06T23:59:59.999Z";"2025-03-06T14:32:00.000Z";"2025-03-06T03:13:00.000Z";"2781";0.9999756161;1.0015819348;0.9993500037;1.0001033401;9861139717.68;57276831163.12;"2025-03-06T23:59:59.999Z"
"2025-03-05T00:00:00.000Z";"2025-03-05T23:59:59.999Z";"2025-03-05T15:21:00.000Z";"2025-03-05T15:01:00.000Z";"2781";0.9999005574;1.0013831831;0.9988208746;0.9999965841;9271446360.34;56989879185.3;"2025-03-05T23:59:59.999Z"
"2025-03-04T00:00:00.000Z";"2025-03-04T23:59:59.999Z";"2025-03-04T02:11:00.000Z";"2025-03-04T14:46:00.000Z";"2781";0.9998583762;1.0021275312;0.9992306594;0.9998530281;14008589283.25;56441380843.88;"2025-03-04T23:59:59.999Z"
"2025-03-03T00:00:00.000Z";"2025-03-03T23:59:59.999Z";"2025-03-03T19:56:00.000Z";"2025-03-03T18:49:00.000Z";"2781";1.0000047532;1.0026969528;0.9992482129;0.9998659644;13808944206.47;56199270673.04;"2025-03-03T23:59:59.999Z"
"2025-03-02T00:00:00.000Z";"2025-03-02T23:59:59.999Z";"2025-03-02T17:48:00.000Z";"2025-03-02T15:26:00.000Z";"2781";0.9998174352;1.0026004005;0.9995341238;1.0000275992;13210357332.52;56371530465.31;"2025-03-02T23:59:59.999Z"
"2025-03-01T00:00:00.000Z";"2025-03-01T23:59:59.999Z";"2025-03-01T22:00:00.000Z";"2025-03-01T15:09:00.000Z";"2781";0.9999047286;1.0012122978;0.9994887626;0.9997811345;5501083056.13;56351148895.19;"2025-03-01T23:59:59.999Z"
"2025-02-28T00:00:00.000Z";"2025-02-28T23:59:59.999Z";"2025-02-28T05:25:00.000Z";"2025-02-28T02:35:00.000Z";"2781";0.9997663161;1.0016647625;0.9991272533;0.9998782029;14081466100.34;56375761534.14;"2025-02-28T23:59:59.999Z"
"2025-02-27T00:00:00.000Z";"2025-02-27T23:59:59.999Z";"2025-02-27T01:44:00.000Z";"2025-02-27T21:07:00.000Z";"2781";0.9999161889;1.0012822933;0.9994407824;0.9998184832;9719464107.54;55579852820.91;"2025-02-27T23:59:59.999Z"
"2025-02-26T00:00:00.000Z";"2025-02-26T23:59:59.999Z";"2025-02-26T14:43:00.000Z";"2025-02-26T19:00:00.000Z";"2781";0.9999338238;1.0011354027;0.9991686598;0.9999149773;11546719465.06;56039702054.88;"2025-02-26T23:59:59.999Z"
"2025-02-25T00:00:00.000Z";"2025-02-25T23:59:59.999Z";"2025-02-25T07:27:00.000Z";"2025-02-25T15:26:00.000Z";"2781";0.99983242;1.0017661743;0.9990034569;0.9999932314;16057418626.35;56221669257.45;"2025-02-25T23:59:59.999Z"
"2025-02-24T00:00:00.000Z";"2025-02-24T23:59:59.999Z";"2025-02-24T22:04:00.000Z";"2025-02-24T23:54:00.000Z";"2781";1.0000391116;1.0013008694;0.9993855299;0.9998038427;10369215725.24;56614827529.6;"2025-02-24T23:59:59.999Z"
"2025-02-23T00:00:00.000Z";"2025-02-23T23:59:59.999Z";"2025-02-23T15:36:00.000Z";"2025-02-23T13:04:00.000Z";"2781";1.0001338849;1.0008864882;0.9996583392;1.0000437138;5105617639.55;57173757220.14;"2025-02-23T23:59:59.999Z"
"2025-02-22T00:00:00.000Z";"2025-02-22T23:59:59.999Z";"2025-02-22T03:43:00.000Z";"2025-02-22T02:47:00.000Z";"2781";1.0002167573;1.0007552575;0.9997491986;1.0001334983;5462121672.12;57096992297.19;"2025-02-22T23:59:59.999Z"
"2025-02-21T00:00:00.000Z";"2025-02-21T23:59:59.999Z";"2025-02-21T15:31:00.000Z";"2025-02-21T15:45:00.000Z";"2781";0.9999868179;1.0009592889;0.9993318751;1.000116858;10738574136.66;57213777139.21;"2025-02-21T23:59:59.999Z"
"2025-02-20T00:00:00.000Z";"2025-02-20T23:59:59.999Z";"2025-02-20T15:08:00.000Z";"2025-02-20T16:40:00.000Z";"2781";0.9999481766;1.0006770727;0.9995448522;0.9999821722;7453422390.1;56216500169.74;"2025-02-20T23:59:59.999Z"
"2025-02-19T00:00:00.000Z";"2025-02-19T23:59:59.999Z";"2025-02-19T14:39:00.000Z";"2025-02-19T02:49:00.000Z";"2781";0.9998104315;1.0008916924;0.9995930204;0.9999345378;6140029876.21;56249027527.32;"2025-02-19T23:59:59.999Z"
"2025-02-18T00:00:00.000Z";"2025-02-18T23:59:59.999Z";"2025-02-18T14:42:00.000Z";"2025-02-18T21:04:00.000Z";"2781";0.9999635032;1.0010404267;0.9993048425;0.9998214275;8525503716.49;56211667885.17;"2025-02-18T23:59:59.999Z"
"2025-02-17T00:00:00.000Z";"2025-02-17T23:59:59.999Z";"2025-02-17T18:01:00.000Z";"2025-02-17T16:44:00.000Z";"2781";1.0000152302;1.0010255122;0.9996493143;0.9999588877;6994398261.4;56473957354.98;"2025-02-17T23:59:59.999Z"
"2025-02-16T00:00:00.000Z";"2025-02-16T23:59:59.999Z";"2025-02-16T23:26:00.000Z";"2025-02-16T22:37:00.000Z";"2781";0.9999919383;1.000635316;0.9997114224;0.9999469441;4310300995.75;56457482085.99;"2025-02-16T23:59:59.999Z"
"2025-02-15T00:00:00.000Z";"2025-02-15T23:59:59.999Z";"2025-02-15T12:58:00.000Z";"2025-02-15T15:03:00.000Z";"2781";0.9999215887;1.0003468193;0.9997585123;0.9999628428;4631171037.89;56371139417.09;"2025-02-15T23:59:59.999Z"
"2025-02-14T00:00:00.000Z";"2025-02-14T23:59:59.999Z";"2025-02-14T08:35:00.000Z";"2025-02-14T13:33:00.000Z";"2781";1.0000588316;1.001085487;0.9994544112;0.9999298366;8868475734.68;56353208181.86;"2025-02-14T23:59:59.999Z"
"2025-02-13T00:00:00.000Z";"2025-02-13T23:59:59.999Z";"2025-02-13T15:05:00.000Z";"2025-02-13T06:13:00.000Z";"2781";1.0000823569;1.0011006684;0.9991197555;1.0000296771;7971520510.27;56104555414.49;"2025-02-13T23:59:59.999Z"
"2025-02-12T00:00:00.000Z";"2025-02-12T23:59:59.999Z";"2025-02-12T13:31:00.000Z";"2025-02-12T13:34:00.000Z";"2781";0.9999360178;1.0018575578;0.9994293262;1.0000398646;9290154330.6;56084769944.99;"2025-02-12T23:59:59.999Z"
"2025-02-11T00:00:00.000Z";"2025-02-11T23:59:59.999Z";"2025-02-11T08:11:00.000Z";"2025-02-11T17:18:00.000Z";"2781";0.9999309234;1.0011457487;0.9996024959;0.9999459985;7590822419.26;56068208924.91;"2025-02-11T23:59:59.999Z"
"2025-02-10T00:00:00.000Z";"2025-02-10T23:59:59.999Z";"2025-02-10T01:48:00.000Z";"2025-02-10T00:07:00.000Z";"2781";1.0000287092;1.0010370926;0.9994737441;0.9999390494;7290485956.41;56245323270.85;"2025-02-10T23:59:59.999Z"
"2025-02-09T00:00:00.000Z";"2025-02-09T23:59:59.999Z";"2025-02-09T22:32:00.000Z";"2025-02-09T22:43:00.000Z";"2781";1.0001021683;1.0013756432;0.9995934599;1.0000267493;5561659215.61;56199285136.85;"2025-02-09T23:59:59.999Z"
"2025-02-08T00:00:00.000Z";"2025-02-08T23:59:59.999Z";"2025-02-08T21:13:00.000Z";"2025-02-08T10:26:00.000Z";"2781";1.0001540731;1.0008381513;0.9996676473;1.0000891057;4752901210.01;56055359300.74;"2025-02-08T23:59:59.999Z"
"2025-02-07T00:00:00.000Z";"2025-02-07T23:59:59.999Z";"2025-02-07T05:53:00.000Z";"2025-02-07T01:54:00.000Z";"2781";0.9999249929;1.0008424056;0.999382499;1.000107139;9658671792.37;56258886631.83;"2025-02-07T23:59:59.999Z"
"2025-02-06T00:00:00.000Z";"2025-02-06T23:59:59.999Z";"2025-02-06T18:16:00.000Z";"2025-02-06T14:33:00.000Z";"2781";1.0000084167;1.0015374847;0.9995911893;1.0000570299;9168007547.93;55747457546.92;"2025-02-06T23:59:59.999Z"
"2025-02-05T00:00:00.000Z";"2025-02-05T23:59:59.999Z";"2025-02-05T17:08:00.000Z";"2025-02-05T01:04:00.000Z";"2781";0.9998720348;1.000985974;0.9991238026;1.000059509;9168611887.36;55319134017.01;"2025-02-05T23:59:59.999Z"
"2025-02-04T00:00:00.000Z";"2025-02-04T23:59:59.999Z";"2025-02-04T23:20:00.000Z";"2025-02-04T05:47:00.000Z";"2781";0.9999162869;1.00059527;0.9986838636;0.999902482;13781033980.2;55027343949.98;"2025-02-04T23:59:59.999Z"
"2025-02-03T00:00:00.000Z";"2025-02-03T23:59:59.999Z";"2025-02-03T02:19:00.000Z";"2025-02-03T02:09:00.000Z";"2781";0.9998708599;1.001637635;0.9983317351;0.9999404591;25631139114.97;54450664045.17;"2025-02-03T23:59:59.999Z"
"2025-02-02T00:00:00.000Z";"2025-02-02T23:59:59.999Z";"2025-02-02T09:53:00.000Z";"2025-02-02T20:02:00.000Z";"2781";1.0001149855;1.0008545525;0.9987600966;0.9999416003;11920276473.37;53401954901.82;"2025-02-02T23:59:59.999Z"
"2025-02-01T00:00:00.000Z";"2025-02-01T23:59:59.999Z";"2025-02-01T23:21:00.000Z";"2025-02-01T22:37:00.000Z";"2781";1.0000892483;1.0010125972;0.9994802731;1.0000270711;6185622116.94;53326803207.64;"2025-02-01T23:59:59.999Z"
"2025-01-31T00:00:00.000Z";"2025-01-31T23:59:59.999Z";"2025-01-31T22:41:00.000Z";"2025-01-31T01:31:00.000Z";"2781";1.0000009521;1.000788565;0.9995702812;1.0001298108;8846936448.14;53323128392.28;"2025-01-31T23:59:59.999Z"
"2025-01-30T00:00:00.000Z";"2025-01-30T23:59:59.999Z";"2025-01-30T15:27:00.000Z";"2025-01-30T14:51:00.000Z";"2781";1.0000522681;1.0009257505;0.9995581808;1.0000010773;7862432550.16;53110185150;"2025-01-30T23:59:59.999Z"
"2025-01-29T00:00:00.000Z";"2025-01-29T23:59:59.999Z";"2025-01-29T03:14:00.000Z";"2025-01-29T19:42:00.000Z";"2781";0.9999513973;1.0008703637;0.9995345954;1.000047595;8752826476.55;52551166574.86;"2025-01-29T23:59:59.999Z"
"2025-01-28T00:00:00.000Z";"2025-01-28T23:59:59.999Z";"2025-01-28T00:11:00.000Z";"2025-01-28T22:15:00.000Z";"2781";1.0001141586;1.0011600548;0.9994340765;1.0001793137;8727690528.71;52515804563.35;"2025-01-28T23:59:59.999Z"
"2025-01-27T00:00:00.000Z";"2025-01-27T23:59:59.999Z";"2025-01-27T04:19:00.000Z";"2025-01-27T06:54:00.000Z";"2781";1.0000744956;1.0013214844;0.9994699423;1.0000665138;14155994277.87;52310047578.95;"2025-01-27T23:59:59.999Z"
"2025-01-26T00:00:00.000Z";"2025-01-26T23:59:59.999Z";"2025-01-26T23:23:00.000Z";"2025-01-26T23:27:00.000Z";"2781";0.9999856126;1.0005679002;0.999630363;0.9999810953;6265241676.66;52200924518.18;"2025-01-26T23:59:59.999Z"
"2025-01-25T00:00:00.000Z";"2025-01-25T23:59:59.999Z";"2025-01-25T20:26:00.000Z";"2025-01-25T15:15:00.000Z";"2781";0.9999619351;1.0003680235;0.9994191942;0.9999892533;6639518363.64;52182762559.66;"2025-01-25T23:59:59.999Z"
"2025-01-24T00:00:00.000Z";"2025-01-24T23:59:59.999Z";"2025-01-24T05:04:00.000Z";"2025-01-24T18:10:00.000Z";"2781";1.0000049534;1.0003335685;0.9993257298;0.9999186242;10239429178.53;52193907186.5;"2025-01-24T23:59:59.999Z"
"2025-01-23T00:00:00.000Z";"2025-01-23T23:59:59.999Z";"2025-01-23T15:23:00.000Z";"2025-01-23T01:53:00.000Z";"2781";0.9999784543;1.0005925434;0.9993574026;0.9999649785;21214955925.02;51934215245.96;"2025-01-23T23:59:59.999Z"
"2025-01-22T00:00:00.000Z";"2025-01-22T23:59:59.999Z";"2025-01-22T14:37:00.000Z";"2025-01-22T11:43:00.000Z";"2781";0.9998122948;1.0007421694;0.9995433394;0.9999739435;10044372260.52;51527267749.59;"2025-01-22T23:59:59.999Z"
"2025-01-21T00:00:00.000Z";"2025-01-21T23:59:59.999Z";"2025-01-21T03:06:00.000Z";"2025-01-21T21:26:00.000Z";"2781";0.9999563192;1.0010829085;0.9993299131;0.9998759182;14830922157.15;50909518411.63;"2025-01-21T23:59:59.999Z"
"2025-01-20T00:00:00.000Z";"2025-01-20T23:59:59.999Z";"2025-01-20T17:40:00.000Z";"2025-01-20T17:46:00.000Z";"2781";1.0004735875;1.0017319754;0.9991241707;1.0001074038;26853357036.71;48111643357.91;"2025-01-20T23:59:59.999Z"
"2025-01-19T00:00:00.000Z";"2025-01-19T23:59:59.999Z";"2025-01-19T23:22:00.000Z";"2025-01-19T21:33:00.000Z";"2781";0.9999720343;1.0022949336;0.99955127;1.0005192132;25940426522.26;48057169960.48;"2025-01-19T23:59:59.999Z"
"2025-01-18T00:00:00.000Z";"2025-01-18T23:59:59.999Z";"2025-01-18T21:34:00.000Z";"2025-01-18T03:46:00.000Z";"2781";0.9999336691;1.0006588358;0.9992984083;1.0000331259;20031244123.78;47468285067.24;"2025-01-18T23:59:59.999Z"
"2025-01-17T00:00:00.000Z";"2025-01-17T23:59:59.999Z";"2025-01-17T00:48:00.000Z";"2025-01-17T17:26:00.000Z";"2781";0.9999917095;1.000422235;0.9989948342;0.9999291988;9993616895.98;47410044668.46;"2025-01-17T23:59:59.999Z"
"2025-01-16T00:00:00.000Z";"2025-01-16T23:59:59.999Z";"2025-01-16T16:18:00.000Z";"2025-01-16T09:26:00.000Z";"2781";0.999899773;1.0004498212;0.9992685943;1.0000097814;8642062676.25;46483655999.17;"2025-01-16T23:59:59.999Z"
"2025-01-15T00:00:00.000Z";"2025-01-15T23:59:59.999Z";"2025-01-15T02:08:00.000Z";"2025-01-15T13:31:00.000Z";"2781";1.0001332718;1.0010888922;0.9990726021;0.9998901719;8920524801.25;46227103384.4;"2025-01-15T23:59:59.999Z"
"2025-01-14T00:00:00.000Z";"2025-01-14T23:59:59.999Z";"2025-01-14T01:18:00.000Z";"2025-01-14T15:07:00.000Z";"2781";1.0000558642;1.0011492459;0.9995538538;1.0001332532;6762370105.45;45701096574.58;"2025-01-14T23:59:59.999Z"
"2025-01-13T00:00:00.000Z";"2025-01-13T23:59:59.999Z";"2025-01-13T14:35:00.000Z";"2025-01-13T14:48:00.000Z";"2781";0.9999696252;1.0015724808;0.9995510165;0.9999636547;9931508301.91;45655058930.29;"2025-01-13T23:59:59.999Z"
"2025-01-12T00:00:00.000Z";"2025-01-12T23:59:59.999Z";"2025-01-12T21:17:00.000Z";"2025-01-12T22:37:00.000Z";"2781";0.9999671031;1.0007676732;0.9995192211;0.9999673667;3330316048.96;45747627405.04;"2025-01-12T23:59:59.999Z"
"2025-01-11T00:00:00.000Z";"2025-01-11T23:59:59.999Z";"2025-01-11T16:09:00.000Z";"2025-01-11T14:38:00.000Z";"2781";0.9999527366;1.0008861551;0.9996854775;0.9999520441;3760069434.06;45736600163.57;"2025-01-11T23:59:59.999Z"
"2025-01-10T00:00:00.000Z";"2025-01-10T23:59:59.999Z";"2025-01-10T13:31:00.000Z";"2025-01-10T15:42:00.000Z";"2781";1.0000429924;1.0014016813;0.999331172;1.0000761816;7843222136.08;45714582987.85;"2025-01-10T23:59:59.999Z"
"2025-01-09T00:00:00.000Z";"2025-01-09T23:59:59.999Z";"2025-01-09T20:36:00.000Z";"2025-01-09T09:19:00.000Z";"2781";1.0000081097;1.001489069;0.9995886923;1.0000183102;8459464210.45;45411563162.23;"2025-01-09T23:59:59.999Z"
"2025-01-08T00:00:00.000Z";"2025-01-08T23:59:59.999Z";"2025-01-08T17:04:00.000Z";"2025-01-08T14:35:00.000Z";"2781";1.0001189324;1.0012004569;0.9994863985;0.9999841899;9359722627.73;45343170000.56;"2025-01-08T23:59:59.999Z"
"2025-01-07T00:00:00.000Z";"2025-01-07T23:59:59.999Z";"2025-01-07T22:01:00.000Z";"2025-01-07T21:00:00.000Z";"2781";0.9998978638;1.0007628533;0.999579667;1.0001093264;9456450544.71;45504272383.45;"2025-01-07T23:59:59.999Z"
"2025-01-06T00:00:00.000Z";"2025-01-06T23:59:59.999Z";"2025-01-06T00:35:00.000Z";"2025-01-06T04:01:00.000Z";"2781";1.0000617911;1.0007736799;0.9995198486;0.9999656576;7731799915.87;45890637925.09;"2025-01-06T23:59:59.999Z"
"2025-01-05T00:00:00.000Z";"2025-01-05T23:59:59.999Z";"2025-01-05T20:20:00.000Z";"2025-01-05T15:32:00.000Z";"2781";1.0002086593;1.0007314783;0.9997054355;1.0000622505;3837973654.76;45614128884.52;"2025-01-05T23:59:59.999Z"
"2025-01-04T00:00:00.000Z";"2025-01-04T23:59:59.999Z";"2025-01-04T15:38:00.000Z";"2025-01-04T16:27:00.000Z";"2781";0.9999180834;1.0006105083;0.9997491162;1.0002087128;4779945985.14;45554906948.15;"2025-01-04T23:59:59.999Z"
"2025-01-03T00:00:00.000Z";"2025-01-03T23:59:59.999Z";"2025-01-03T15:07:00.000Z";"2025-01-03T15:11:00.000Z";"2781";0.99995988;1.0009153906;0.9997244969;0.9998905305;7108083149.93;45336918863.56;"2025-01-03T23:59:59.999Z"
"2025-01-02T00:00:00.000Z";"2025-01-02T23:59:59.999Z";"2025-01-02T15:11:00.000Z";"2025-01-02T00:38:00.000Z";"2781";0.999925398;1.0012760621;0.9996239233;1.0000383061;7015734564.79;44404717315.98;"2025-01-02T23:59:59.999Z"
"2025-01-01T00:00:00.000Z";"2025-01-01T23:59:59.999Z";"2025-01-01T18:02:00.000Z";"2025-01-01T19:37:00.000Z";"2781";0.9999692493;1.0007057227;0.9996266614;0.9999450839;4814331123.02;43764778310.78;"2025-01-01T23:59:59.999Z"
"2024-12-31T00:00:00.000Z";"2024-12-31T23:59:59.999Z";"2024-12-31T18:36:00.000Z";"2024-12-31T04:12:00.000Z";"2781";0.9998787204;1.0010384564;0.9996396653;0.9999822075;6536628101.3;43893856713.47;"2024-12-31T23:59:59.999Z"
"2024-12-30T00:00:00.000Z";"2024-12-30T23:59:59.999Z";"2024-12-30T01:26:00.000Z";"2024-12-30T14:40:00.000Z";"2781";1.0000725786;1.0010052473;0.9995629481;0.9998783203;8198256020.92;43786146842.96;"2024-12-30T23:59:59.999Z"
"2024-12-29T00:00:00.000Z";"2024-12-29T23:59:59.999Z";"2024-12-29T03:05:00.000Z";"2024-12-29T22:30:00.000Z";"2781";1.0000084494;1.0010046408;0.9997349684;0.999976314;4676908159.14;43619921669.6;"2024-12-29T23:59:59.999Z"
"2024-12-28T00:00:00.000Z";"2024-12-28T23:59:59.999Z";"2024-12-28T02:39:00.000Z";"2024-12-28T22:53:00.000Z";"2781";1.0000648474;1.0007331943;0.9995833879;1.0000406045;4275867711.72;43599406686.98;"2024-12-28T23:59:59.999Z"
"2024-12-27T00:00:00.000Z";"2024-12-27T23:59:59.999Z";"2024-12-27T15:02:00.000Z";"2024-12-27T00:41:00.000Z";"2781";0.9999847042;1.0011552626;0.9994908865;1.0000504731;7058593949.34;43552290733.32;"2024-12-27T23:59:59.999Z"
"2024-12-26T00:00:00.000Z";"2024-12-26T23:59:59.999Z";"2024-12-26T15:13:00.000Z";"2024-12-26T20:41:00.000Z";"2781";1.0000398219;1.0012332563;0.9996546326;0.9998893529;6293907750.09;43504746978.54;"2024-12-26T23:59:59.999Z"
"2024-12-25T00:00:00.000Z";"2024-12-25T23:59:59.999Z";"2024-12-25T10:32:00.000Z";"2024-12-25T12:45:00.000Z";"2781";1.000002161;1.0012389567;0.9996273695;1.0000073079;4968406013.71;43160386425.77;"2024-12-25T23:59:59.999Z"
"2024-12-24T00:00:00.000Z";"2024-12-24T23:59:59.999Z";"2024-12-24T17:21:00.000Z";"2024-12-24T11:20:00.000Z";"2781";1.0000040841;1.0008886138;0.9996440151;1.0000067984;7328436637.44;43164368020.69;"2024-12-24T23:59:59.999Z"
"2024-12-23T00:00:00.000Z";"2024-12-23T23:59:59.999Z";"2024-12-23T15:17:00.000Z";"2024-12-23T14:57:00.000Z";"2781";0.9999917019;1.0012076034;0.9991890226;1.0000174626;9456995472.96;43099030434.87;"2024-12-23T23:59:59.999Z"
"2024-12-22T00:00:00.000Z";"2024-12-22T23:59:59.999Z";"2024-12-22T23:02:00.000Z";"2024-12-22T23:00:00.000Z";"2781";0.9999907206;1.0009105844;0.9995645469;1.0000053913;6004278872.59;42999419851.55;"2024-12-22T23:59:59.999Z"
"2024-12-21T00:00:00.000Z";"2024-12-21T23:59:59.999Z";"2024-12-21T01:38:00.000Z";"2024-12-21T21:57:00.000Z";"2781";1.0000431578;1.0009769241;0.9995739855;1.0000019142;7762954178.63;42948135796.8;"2024-12-21T23:59:59.999Z"
"2024-12-20T00:00:00.000Z";"2024-12-20T23:59:59.999Z";"2024-12-20T10:25:00.000Z";"2024-12-20T11:43:00.000Z";"2781";1.0001275481;1.0013766947;0.9994339367;1.0000362713;14518266681.8;42744145930.96;"2024-12-20T23:59:59.999Z"
"2024-12-19T00:00:00.000Z";"2024-12-19T23:59:59.999Z";"2024-12-19T17:55:00.000Z";"2024-12-19T19:49:00.000Z";"2781";0.9999783704;1.0015772532;0.9987116899;1.0001250847;13783077258.14;42380211386.52;"2024-12-19T23:59:59.999Z"
"2024-12-18T00:00:00.000Z";"2024-12-18T23:59:59.999Z";"2024-12-18T22:08:00.000Z";"2024-12-18T20:12:00.000Z";"2781";0.9999630476;1.0003725385;0.9981645867;1.0000068635;13913234580.48;42374553182.68;"2024-12-18T23:59:59.999Z"
"2024-12-17T00:00:00.000Z";"2024-12-17T23:59:59.999Z";"2024-12-17T15:04:00.000Z";"2024-12-17T08:04:00.000Z";"2781";0.9998501428;1.0002292654;0.9986395196;0.9999197482;11318307939.24;42550118829.76;"2024-12-17T23:59:59.999Z"
"2024-12-16T00:00:00.000Z";"2024-12-16T23:59:59.999Z";"2024-12-16T14:51:00.000Z";"2024-12-16T14:03:00.000Z";"2781";0.999665392;1.0003291301;0.9990004149;0.9997760126;12630474818.31;42345742915.49;"2024-12-16T23:59:59.999Z"
"2024-12-15T00:00:00.000Z";"2024-12-15T23:59:59.999Z";"2024-12-15T18:09:00.000Z";"2024-12-15T12:41:00.000Z";"2781";0.9997258669;1.0002818834;0.9995017075;0.9997290851;7231351888.64;42113984557.02;"2024-12-15T23:59:59.999Z"
"2024-12-14T00:00:00.000Z";"2024-12-14T23:59:59.999Z";"2024-12-14T13:21:00.000Z";"2024-12-14T01:33:00.000Z";"2781";0.9998420202;1.0002118826;0.9992509351;0.9997208636;6251462807.15;41986788955.85;"2024-12-14T23:59:59.999Z"
"2024-12-13T00:00:00.000Z";"2024-12-13T23:59:59.999Z";"2024-12-13T15:51:00.000Z";"2024-12-13T22:24:00.000Z";"2781";0.9998880319;1.0004488854;0.9993562844;0.9998874991;9114211832.18;41973037166.36;"2024-12-13T23:59:59.999Z"
"2024-12-12T00:00:00.000Z";"2024-12-12T23:59:59.999Z";"2024-12-12T13:33:00.000Z";"2024-12-12T19:37:00.000Z";"2781";0.9997548322;1.0003240609;0.9987246079;0.9999146497;12062083207.5;41502581919.29;"2024-12-12T23:59:59.999Z"
"2024-12-11T00:00:00.000Z";"2024-12-11T23:59:59.999Z";"2024-12-11T14:33:00.000Z";"2024-12-11T21:35:00.000Z";"2781";1.0000226263;1.0007172138;0.9991928695;0.9997627948;11895234521.47;41544877151;"2024-12-11T23:59:59.999Z"
"2024-12-10T00:00:00.000Z";"2024-12-10T23:59:59.999Z";"2024-12-10T15:36:00.000Z";"2024-12-10T18:16:00.000Z";"2781";0.9999980917;1.0007056907;0.9995526766;1.0000091314;16205054595.16;40853625594;"2024-12-10T23:59:59.999Z"
"2024-12-09T00:00:00.000Z";"2024-12-09T23:59:59.999Z";"2024-12-09T21:06:00.000Z";"2024-12-09T21:07:00.000Z";"2781";1.0000106756;1.0015745977;0.9988123375;0.9999596699;17356499120.68;40657309894.26;"2024-12-09T23:59:59.999Z"
"2024-12-08T00:00:00.000Z";"2024-12-08T23:59:59.999Z";"2024-12-08T23:02:00.000Z";"2024-12-08T01:02:00.000Z";"2781";0.9998694273;1.0004679342;0.9996767383;1.0001339138;6377521646.83;41034381573.63;"2024-12-08T23:59:59.999Z"
"2024-12-07T00:00:00.000Z";"2024-12-07T23:59:59.999Z";"2024-12-07T05:37:00.000Z";"2024-12-07T00:05:00.000Z";"2781";0.9998768562;1.0002696507;0.9991508318;0.9999593302;6778500949.3;41228197237.67;"2024-12-07T23:59:59.999Z"
"2024-12-06T00:00:00.000Z";"2024-12-06T23:59:59.999Z";"2024-12-06T14:10:00.000Z";"2024-12-06T23:32:00.000Z";"2781";0.9999154899;1.0004211103;0.9990716365;0.9998431706;14138620427.3;41234885531.11;"2024-12-06T23:59:59.999Z"
"2024-12-05T00:00:00.000Z";"2024-12-05T23:59:59.999Z";"2024-12-05T22:37:00.000Z";"2024-12-05T02:42:00.000Z";"2781";1.0000009147;1.0006423928;0.9981668461;1.0002400576;21397586719.75;40303659991.75;"2024-12-05T23:59:59.999Z"
"2024-12-04T00:00:00.000Z";"2024-12-04T23:59:59.999Z";"2024-12-04T14:51:00.000Z";"2024-12-04T22:07:00.000Z";"2781";1.0000821225;1.0008171562;0.9992682273;0.9998703413;14566231354.39;40585591637.41;"2024-12-04T23:59:59.999Z"
"2024-12-03T00:00:00.000Z";"2024-12-03T23:59:59.999Z";"2024-12-03T15:27:00.000Z";"2024-12-03T14:01:00.000Z";"2781";0.9998934858;1.0010205143;0.9995661648;1.0002594339;12588468096.9;40073741442.02;"2024-12-03T23:59:59.999Z"
"2024-12-02T00:00:00.000Z";"2024-12-02T23:59:59.999Z";"2024-12-02T09:20:00.000Z";"2024-12-02T21:46:00.000Z";"2781";1.0000143345;1.0008602068;0.9995928052;0.9999560848;13993252119.64;39879382335.66;"2024-12-02T23:59:59.999Z"
"2024-12-01T00:00:00.000Z";"2024-12-01T23:59:59.999Z";"2024-12-01T02:34:00.000Z";"2024-12-01T23:04:00.000Z";"2781";1.0001727531;1.0005827489;0.9996951268;0.9999920543;7199615705.28;40009216437.03;"2024-12-01T23:59:59.999Z"
"2024-11-30T00:00:00.000Z";"2024-11-30T23:59:59.999Z";"2024-11-30T00:36:00.000Z";"2024-11-30T16:57:00.000Z";"2781";0.9999253872;1.0005820985;0.9996447289;1.0000581007;6674129327.71;39913045885.16;"2024-11-30T23:59:59.999Z"
"2024-11-29T00:00:00.000Z";"2024-11-29T23:59:59.999Z";"2024-11-29T06:16:00.000Z";"2024-11-29T13:10:00.000Z";"2781";1.0000456636;1.0010311811;0.9997081241;0.999869108;9445741613.1;39798395900.68;"2024-11-29T23:59:59.999Z"
"2024-11-28T00:00:00.000Z";"2024-11-28T23:59:59.999Z";"2024-11-28T17:41:00.000Z";"2024-11-28T00:06:00.000Z";"2781";0.999892668;1.0007037564;0.9995231975;1.0000307173;8182163025.44;39404920604.45;"2024-11-28T23:59:59.999Z"
"2024-11-27T00:00:00.000Z";"2024-11-27T23:59:59.999Z";"2024-11-27T14:03:00.000Z";"2024-11-27T21:56:00.000Z";"2781";1.0000233974;1.0011160896;0.9995003392;0.9999699986;11875242689.54;39497531836.63;"2024-11-27T23:59:59.999Z"
"2024-11-26T00:00:00.000Z";"2024-11-26T23:59:59.999Z";"2024-11-26T08:36:00.000Z";"2024-11-26T00:05:00.000Z";"2781";0.9999349802;1.001118388;0.999312798;1.0000916289;13492395639.03;38629008340.12;"2024-11-26T23:59:59.999Z"
"2024-11-25T00:00:00.000Z";"2024-11-25T23:59:59.999Z";"2024-11-25T23:03:00.000Z";"2024-11-25T14:39:00.000Z";"2781";1.0000234865;1.0009202051;0.9985775356;0.9999849835;13994888760.89;38709270109.47;"2024-11-25T23:59:59.999Z"
"2024-11-24T00:00:00.000Z";"2024-11-24T23:59:59.999Z";"2024-11-24T09:44:00.000Z";"2024-11-24T16:04:00.000Z";"2781";0.9999841419;1.0002827177;0.9988687225;0.9998115177;8372990053.03;38957891905.06;"2024-11-24T23:59:59.999Z"
"2024-11-23T00:00:00.000Z";"2024-11-23T23:59:59.999Z";"2024-11-23T16:24:00.000Z";"2024-11-23T18:38:00.000Z";"2781";1.0000177336;1.000434139;0.9991600276;0.9999547822;9667189128;39003393283.94;"2024-11-23T23:59:59.999Z"
"2024-11-22T00:00:00.000Z";"2024-11-22T23:59:59.999Z";"2024-11-22T15:49:00.000Z";"2024-11-22T21:50:00.000Z";"2781";0.99993794;1.0003862171;0.9987812255;1.0000245107;12996186018.77;38837161105.42;"2024-11-22T23:59:59.999Z"
"2024-11-21T00:00:00.000Z";"2024-11-21T23:59:59.999Z";"2024-11-21T21:07:00.000Z";"2024-11-21T05:55:00.000Z";"2781";0.9998877009;1.0003665197;0.9988792188;0.9999469669;14804992371.97;38182386543.4;"2024-11-21T23:59:59.999Z"
"2024-11-20T00:00:00.000Z";"2024-11-20T23:59:59.999Z";"2024-11-20T21:21:00.000Z";"2024-11-20T18:34:00.000Z";"2781";1.0000310238;1.0003828661;0.9989913426;0.9998986387;11034592308.87;37891805880.37;"2024-11-20T23:59:59.999Z"
"2024-11-19T00:00:00.000Z";"2024-11-19T23:59:59.999Z";"2024-11-19T10:08:00.000Z";"2024-11-19T19:11:00.000Z";"2781";0.9999643184;1.0005149735;0.9991834313;1.0000337037;10786686009.07;37366442533.6;"2024-11-19T23:59:59.999Z"
"2024-11-18T00:00:00.000Z";"2024-11-18T23:59:59.999Z";"2024-11-18T14:38:00.000Z";"2024-11-18T22:01:00.000Z";"2781";1.0000587621;1.0008086746;0.9996050918;0.9999693318;11308072957.94;37443449097.6;"2024-11-18T23:59:59.999Z"
"2024-11-17T00:00:00.000Z";"2024-11-17T23:59:59.999Z";"2024-11-17T13:44:00.000Z";"2024-11-17T04:08:00.000Z";"2781";0.9997549093;1.000567391;0.9993415757;1.0000443429;8340439535.75;37125236748.49;"2024-11-17T23:59:59.999Z"
"2024-11-16T00:00:00.000Z";"2024-11-16T23:59:59.999Z";"2024-11-16T00:25:00.000Z";"2024-11-16T23:06:00.000Z";"2781";0.9999622092;1.0002231146;0.9993889191;0.9997378918;6860911415.23;37122686956.99;"2024-11-16T23:59:59.999Z"
"2024-11-15T00:00:00.000Z";"2024-11-15T23:59:59.999Z";"2024-11-15T01:12:00.000Z";"2024-11-15T15:12:00.000Z";"2781";0.9998719664;1.000673247;0.9994733936;0.9998283393;11937522034.33;36771550313.85;"2024-11-15T23:59:59.999Z"
"2024-11-14T00:00:00.000Z";"2024-11-14T23:59:59.999Z";"2024-11-14T22:10:00.000Z";"2024-11-14T15:27:00.000Z";"2781";0.9999985539;1.0004246731;0.9990454478;0.9999292886;14655228620.38;36763370200.36;"2024-11-14T23:59:59.999Z"
"2024-11-13T00:00:00.000Z";"2024-11-13T23:59:59.999Z";"2024-11-13T20:03:00.000Z";"2024-11-13T19:29:00.000Z";"2781";1.0000102981;1.0006902353;0.9986500496;1.0000429089;19408804163.67;36686881291.52;"2024-11-13T23:59:59.999Z"
"2024-11-12T00:00:00.000Z";"2024-11-12T23:59:59.999Z";"2024-11-12T15:30:00.000Z";"2024-11-12T03:11:00.000Z";"2781";0.9998045725;1.0005239735;0.9981879116;1.0000614712;19965628237.2;36543848255.19;"2024-11-12T23:59:59.999Z"
"2024-11-11T00:00:00.000Z";"2024-11-11T23:59:59.999Z";"2024-11-11T14:18:00.000Z";"2024-11-11T23:38:00.000Z";"2781";1.0000480486;1.0004580371;0.9988662755;0.9997779204;17333067299.33;36939130636.04;"2024-11-11T23:59:59.999Z"
"2024-11-10T00:00:00.000Z";"2024-11-10T23:59:59.999Z";"2024-11-10T22:33:00.000Z";"2024-11-10T04:55:00.000Z";"2781";0.9999186856;1.000354656;0.998762017;0.9999939774;12234527657.38;36997754292.83;"2024-11-10T23:59:59.999Z"
"2024-11-09T00:00:00.000Z";"2024-11-09T23:59:59.999Z";"2024-11-09T19:17:00.000Z";"2024-11-09T02:28:00.000Z";"2781";0.9997894972;1.0001523434;0.9991490293;0.9999182097;5656279368.78;37050115354.75;"2024-11-09T23:59:59.999Z"
"2024-11-08T00:00:00.000Z";"2024-11-08T23:59:59.999Z";"2024-11-08T00:18:00.000Z";"2024-11-08T00:21:00.000Z";"2781";0.9999740836;1.000374343;0.9990331225;0.9996537688;9887580646.16;37179447039.41;"2024-11-08T23:59:59.999Z"
"2024-11-07T00:00:00.000Z";"2024-11-07T23:59:59.999Z";"2024-11-07T15:46:00.000Z";"2024-11-07T19:28:00.000Z";"2781";0.9999687203;1.0003763036;0.9988094852;0.9999759378;11496612661.91;36873610389.05;"2024-11-07T23:59:59.999Z"
"2024-11-06T00:00:00.000Z";"2024-11-06T23:59:59.999Z";"2024-11-06T01:53:00.000Z";"2024-11-06T03:41:00.000Z";"2781";1.0000390392;1.00120473;0.9989021182;0.9999771376;18761282528.95;36809790893.18;"2024-11-06T23:59:59.999Z"
"2024-11-05T00:00:00.000Z";"2024-11-05T23:59:59.999Z";"2024-11-05T15:06:00.000Z";"2024-11-05T04:46:00.000Z";"2781";1.0001708149;1.0010090818;0.9997236442;1.0000373032;7134708417.42;35533345942.95;"2024-11-05T23:59:59.999Z"
"2024-11-04T00:00:00.000Z";"2024-11-04T23:59:59.999Z";"2024-11-04T14:51:00.000Z";"2024-11-04T21:38:00.000Z";"2781";0.9999750955;1.0012181335;0.9995016729;1.0001819403;7276116614.36;35082805081.97;"2024-11-04T23:59:59.999Z"
"2024-11-03T00:00:00.000Z";"2024-11-03T23:59:59.999Z";"2024-11-03T23:02:00.000Z";"2024-11-03T23:21:00.000Z";"2781";0.9999978701;1.0009926611;0.9996635475;0.9999055181;5813342970.78;34894272759.27;"2024-11-03T23:59:59.999Z"
"2024-11-02T00:00:00.000Z";"2024-11-02T23:59:59.999Z";"2024-11-02T12:24:00.000Z";"2024-11-02T15:24:00.000Z";"2781";0.9999147578;1.0007961985;0.9997211021;0.9999739425;3452412889.09;34872529331.79;"2024-11-02T23:59:59.999Z"
"2024-11-01T00:00:00.000Z";"2024-11-01T23:59:59.999Z";"2024-11-01T15:48:00.000Z";"2024-11-01T15:53:00.000Z";"2781";1.000052547;1.0008991249;0.9993629488;0.999848081;9015564726.85;34866240688.05;"2024-11-01T23:59:59.999Z"
"2024-10-31T00:00:00.000Z";"2024-10-31T23:59:59.999Z";"2024-10-31T01:41:00.000Z";"2024-10-31T14:07:00.000Z";"2781";0.9997848832;1.0009183592;0.9994034507;1.0000117824;8076588758.86;34771275131.89;"2024-10-31T23:59:59.999Z"
"2024-10-30T00:00:00.000Z";"2024-10-30T23:59:59.999Z";"2024-10-30T15:22:00.000Z";"2024-10-30T00:39:00.000Z";"2781";0.9999244079;1.0007873026;0.9990282253;0.9998323457;7228206285.04;35048719370.36;"2024-10-30T23:59:59.999Z"
"2024-10-29T00:00:00.000Z";"2024-10-29T23:59:59.999Z";"2024-10-29T13:32:00.000Z";"2024-10-29T23:53:00.000Z";"2781";0.999881064;1.000667196;0.9992425066;0.999934322;9596165797.14;34858101581.24;"2024-10-29T23:59:59.999Z"
"2024-10-28T00:00:00.000Z";"2024-10-28T23:59:59.999Z";"2024-10-28T16:06:00.000Z";"2024-10-28T16:41:00.000Z";"2781";0.999890877;1.0008076231;0.9995077175;0.999855051;7852957301.84;34720167435.15;"2024-10-28T23:59:59.999Z"
"2024-10-27T00:00:00.000Z";"2024-10-27T23:59:59.999Z";"2024-10-27T16:22:00.000Z";"2024-10-27T13:06:00.000Z";"2781";0.999939032;1.0005810257;0.9995144682;0.9999573173;3435115036.13;34670492181.78;"2024-10-27T23:59:59.999Z"
"2024-10-26T00:00:00.000Z";"2024-10-26T23:59:59.999Z";"2024-10-26T16:18:00.000Z";"2024-10-26T02:47:00.000Z";"2781";0.9996277768;1.0012391443;0.999487637;0.9998294912;4501871708.16;34672342723.23;"2024-10-26T23:59:59.999Z"
"2024-10-25T00:00:00.000Z";"2024-10-25T23:59:59.999Z";"2024-10-25T18:16:00.000Z";"2024-10-25T20:47:00.000Z";"2781";1.0000237049;1.0010294136;0.9993669618;0.9998230262;10349261606.42;34672547241.35;"2024-10-25T23:59:59.999Z"
"2024-10-24T00:00:00.000Z";"2024-10-24T23:59:59.999Z";"2024-10-24T08:54:00.000Z";"2024-10-24T13:45:00.000Z";"2781";0.999930199;1.0005916066;0.9994466379;1.0000023421;6751752975.45;34461982971.5;"2024-10-24T23:59:59.999Z"
"2024-10-23T00:00:00.000Z";"2024-10-23T23:59:59.999Z";"2024-10-23T09:15:00.000Z";"2024-10-23T18:23:00.000Z";"2781";0.999809501;1.0007264316;0.9994290117;0.9999881759;7180272272.84;34362373870.34;"2024-10-23T23:59:59.999Z"
"2024-10-22T00:00:00.000Z";"2024-10-22T23:59:59.999Z";"2024-10-22T01:40:00.000Z";"2024-10-22T05:40:00.000Z";"2781";1.0000157189;1.0007525516;0.999382771;0.9998501326;6299084766.7;34581388384.19;"2024-10-22T23:59:59.999Z"
"2024-10-21T00:00:00.000Z";"2024-10-21T23:59:59.999Z";"2024-10-21T14:50:00.000Z";"2024-10-21T00:18:00.000Z";"2781";0.9998950603;1.0008056851;0.9995459998;0.9999089708;6942827868.15;34700838141.57;"2024-10-21T23:59:59.999Z"
"2024-10-20T00:00:00.000Z";"2024-10-20T23:59:59.999Z";"2024-10-20T19:28:00.000Z";"2024-10-20T22:28:00.000Z";"2781";0.9999927493;1.0003998775;0.9994766617;0.9999072968;3407729614.23;35000529885.92;"2024-10-20T23:59:59.999Z"
"2024-10-19T00:00:00.000Z";"2024-10-19T23:59:59.999Z";"2024-10-19T11:35:00.000Z";"2024-10-19T01:41:00.000Z";"2781";0.9999220817;1.0001499181;0.9994693237;0.9999759149;2433012234.34;34985105247.87;"2024-10-19T23:59:59.999Z"
"2024-10-18T00:00:00.000Z";"2024-10-18T23:59:59.999Z";"2024-10-18T07:32:00.000Z";"2024-10-18T15:30:00.000Z";"2781";0.9999236991;1.0007448464;0.9994502972;0.9999196114;6032177392.1;34963291659.87;"2024-10-18T23:59:59.999Z"
"2024-10-17T00:00:00.000Z";"2024-10-17T23:59:59.999Z";"2024-10-17T17:24:00.000Z";"2024-10-17T15:37:00.000Z";"2781";0.9999002524;1.0006973867;0.9994853382;0.9998647884;5414632056.59;34779230795.54;"2024-10-17T23:59:59.999Z"
"2024-10-16T00:00:00.000Z";"2024-10-16T23:59:59.999Z";"2024-10-16T11:04:00.000Z";"2024-10-16T14:18:00.000Z";"2781";0.9999006273;1.0009871304;0.9994771766;0.9998449261;6696380073.75;34841765639.6;"2024-10-16T23:59:59.999Z"
"2024-10-15T00:00:00.000Z";"2024-10-15T23:59:59.999Z";"2024-10-15T21:09:00.000Z";"2024-10-15T12:41:00.000Z";"2781";0.9997752776;1.0009908525;0.9994188887;0.9999091945;8158392139.5;34904471086.56;"2024-10-15T23:59:59.999Z"
"2024-10-14T00:00:00.000Z";"2024-10-14T23:59:59.999Z";"2024-10-14T18:06:00.000Z";"2024-10-14T14:42:00.000Z";"2781";0.9997952458;1.0007192358;0.9985773444;0.9997679777;7287349528.86;34873917511.09;"2024-10-14T23:59:59.999Z"
"2024-10-13T00:00:00.000Z";"2024-10-13T23:59:59.999Z";"2024-10-13T07:53:00.000Z";"2024-10-13T11:38:00.000Z";"2781";0.9999235716;1.0006324909;0.9995426625;0.9998000183;2864489653.61;35019996124.03;"2024-10-13T23:59:59.999Z"
"2024-10-12T00:00:00.000Z";"2024-10-12T23:59:59.999Z";"2024-10-12T15:44:00.000Z";"2024-10-12T01:06:00.000Z";"2781";0.9998722879;1.0006364125;0.9996649671;0.999925053;2688400173.01;35043099699.64;"2024-10-12T23:59:59.999Z"
"2024-10-11T00:00:00.000Z";"2024-10-11T23:59:59.999Z";"2024-10-11T06:38:00.000Z";"2024-10-11T15:10:00.000Z";"2781";1.0000198925;1.0007453363;0.9996025873;0.9998785377;5062260065.49;34978336001.87;"2024-10-11T23:59:59.999Z"
"2024-10-10T00:00:00.000Z";"2024-10-10T23:59:59.999Z";"2024-10-10T14:20:00.000Z";"2024-10-10T00:38:00.000Z";"2781";0.9998380786;1.0010761895;0.9995032128;1.0000051163;5487546706.72;34727343363.51;"2024-10-10T23:59:59.999Z"
"2024-10-09T00:00:00.000Z";"2024-10-09T23:59:59.999Z";"2024-10-09T20:48:00.000Z";"2024-10-09T21:03:00.000Z";"2781";0.9999294755;1.000844022;0.9994869626;0.9998403549;5488861732.73;34775274526;"2024-10-09T23:59:59.999Z"
"2024-10-08T00:00:00.000Z";"2024-10-08T23:59:59.999Z";"2024-10-08T14:18:00.000Z";"2024-10-08T15:40:00.000Z";"2781";0.9999765959;1.0011374593;0.9994897917;0.9999277843;6015193014.18;35055363118.74;"2024-10-08T23:59:59.999Z"
"2024-10-07T00:00:00.000Z";"2024-10-07T23:59:59.999Z";"2024-10-07T15:04:00.000Z";"2024-10-07T00:39:00.000Z";"2781";0.9999130206;1.0010679522;0.999486584;1.0001145504;6657443141.63;35335012726.42;"2024-10-07T23:59:59.999Z"
"2024-10-06T00:00:00.000Z";"2024-10-06T23:59:59.999Z";"2024-10-06T22:22:00.000Z";"2024-10-06T14:57:00.000Z";"2781";0.9999771908;1.000776238;0.999587999;0.9999388067;2566380266.9;35576366234.13;"2024-10-06T23:59:59.999Z"
"2024-10-05T00:00:00.000Z";"2024-10-05T23:59:59.999Z";"2024-10-05T03:03:00.000Z";"2024-10-05T22:06:00.000Z";"2781";1.0000888461;1.0006847434;0.9997578814;0.9999845341;2483346551.97;35567126462.72;"2024-10-05T23:59:59.999Z"
"2024-10-04T00:00:00.000Z";"2024-10-04T23:59:59.999Z";"2024-10-04T14:09:00.000Z";"2024-10-04T01:28:00.000Z";"2781";1.0000094204;1.0013277291;0.9996597629;1.0000887065;6045872517.34;35519773384.57;"2024-10-04T23:59:59.999Z"
"2024-10-03T00:00:00.000Z";"2024-10-03T23:59:59.999Z";"2024-10-03T00:10:00.000Z";"2024-10-03T13:19:00.000Z";"2781";0.9999637817;1.0013313299;0.9995995663;1.0000537418;6648292022.78;35557853249.63;"2024-10-03T23:59:59.999Z"
"2024-10-02T00:00:00.000Z";"2024-10-02T23:59:59.999Z";"2024-10-02T00:21:00.000Z";"2024-10-02T05:26:00.000Z";"2781";0.9999497597;1.0012088228;0.9995928372;0.9999686424;6994868257.91;35556092933.34;"2024-10-02T23:59:59.999Z"
"2024-10-01T00:00:00.000Z";"2024-10-01T23:59:59.999Z";"2024-10-01T13:36:00.000Z";"2024-10-01T02:16:00.000Z";"2781";0.999995439;1.0013603207;0.9994955779;0.9999583834;10848900888.41;35522313480.3;"2024-10-01T23:59:59.999Z"
"2024-09-30T00:00:00.000Z";"2024-09-30T23:59:59.999Z";"2024-09-30T01:37:00.000Z";"2024-09-30T11:56:00.000Z";"2781";0.9998933869;1.0008988677;0.9993408355;0.9999452548;6665769413.41;35552818506.83;"2024-09-30T23:59:59.999Z"
"2024-09-29T00:00:00.000Z";"2024-09-29T23:59:59.999Z";"2024-09-29T22:13:00.000Z";"2024-09-29T23:48:00.000Z";"2781";0.9999859381;1.0008188712;0.9996808711;0.9998990875;3054087539.82;36240860154.2;"2024-09-29T23:59:59.999Z"
"2024-09-28T00:00:00.000Z";"2024-09-28T23:59:59.999Z";"2024-09-28T03:17:00.000Z";"2024-09-28T11:42:00.000Z";"2781";0.9999816373;1.0008666562;0.9996496401;0.9999665542;2872721698.29;36274507076.66;"2024-09-28T23:59:59.999Z"
"2024-09-27T00:00:00.000Z";"2024-09-27T23:59:59.999Z";"2024-09-27T05:03:00.000Z";"2024-09-27T13:58:00.000Z";"2781";1.0000996269;1.0010235787;0.9995458707;0.9999305316;5842305183.33;36284126728.45;"2024-09-27T23:59:59.999Z"
"2024-09-26T00:00:00.000Z";"2024-09-26T23:59:59.999Z";"2024-09-26T16:54:00.000Z";"2024-09-26T01:37:00.000Z";"2781";0.9999152938;1.0010140828;0.9994133541;1.0000945562;6835010999.26;36302131115.2;"2024-09-26T23:59:59.999Z"
"2024-09-25T00:00:00.000Z";"2024-09-25T23:59:59.999Z";"2024-09-25T17:18:00.000Z";"2024-09-25T23:06:00.000Z";"2781";0.9999188238;1.001002632;0.999653866;0.999988359;5027597589.24;36087354031.99;"2024-09-25T23:59:59.999Z"
"2024-09-24T00:00:00.000Z";"2024-09-24T23:59:59.999Z";"2024-09-24T14:38:00.000Z";"2024-09-24T01:25:00.000Z";"2781";1.0000110208;1.0009737354;0.9992383502;0.999927369;6354408025.49;35997542346.57;"2024-09-24T23:59:59.999Z"
"2024-09-23T00:00:00.000Z";"2024-09-23T23:59:59.999Z";"2024-09-23T13:36:00.000Z";"2024-09-23T03:27:00.000Z";"2781";1.0000256231;1.0012956658;0.9996949028;1.0000452207;6075070143.45;35870492116.95;"2024-09-23T23:59:59.999Z"
"2024-09-22T00:00:00.000Z";"2024-09-22T23:59:59.999Z";"2024-09-22T22:25:00.000Z";"2024-09-22T14:43:00.000Z";"2781";1.0002185929;1.0012093796;0.9996451775;1.000020074;3722435881.35;35933879378.53;"2024-09-22T23:59:59.999Z"
"2024-09-21T00:00:00.000Z";"2024-09-21T23:59:59.999Z";"2024-09-21T16:12:00.000Z";"2024-09-21T17:14:00.000Z";"2781";0.999882696;1.0009161939;0.9997872124;1.0001514236;2570745139.28;35867727596.65;"2024-09-21T23:59:59.999Z"
"2024-09-20T00:00:00.000Z";"2024-09-20T23:59:59.999Z";"2024-09-20T05:24:00.000Z";"2024-09-20T13:17:00.000Z";"2781";0.9999580338;1.0011264047;0.9994940429;1.0000149952;6050168399.27;35794502072.87;"2024-09-20T23:59:59.999Z"
"2024-09-19T00:00:00.000Z";"2024-09-19T23:59:59.999Z";"2024-09-19T10:32:00.000Z";"2024-09-19T00:02:00.000Z";"2781";0.9998136365;1.0010439908;0.9994501777;0.9999452165;7071100441.48;35619383352.11;"2024-09-19T23:59:59.999Z"
"2024-09-18T00:00:00.000Z";"2024-09-18T23:59:59.999Z";"2024-09-18T19:30:00.000Z";"2024-09-18T14:06:00.000Z";"2781";0.9998537989;1.0012594111;0.9995266098;0.9998099633;6960600327.68;35512106025.1;"2024-09-18T23:59:59.999Z"
"2024-09-17T00:00:00.000Z";"2024-09-17T23:59:59.999Z";"2024-09-17T19:52:00.000Z";"2024-09-17T15:18:00.000Z";"2781";0.9999420474;1.0014693217;0.9995160489;0.9998470936;6832779459.77;35608017331.6;"2024-09-17T23:59:59.999Z"
"2024-09-16T00:00:00.000Z";"2024-09-16T23:59:59.999Z";"2024-09-16T00:17:00.000Z";"2024-09-16T17:44:00.000Z";"2781";0.9999967836;1.0010553743;0.9993264862;0.9999421187;6009825679.24;35469454131.38;"2024-09-16T23:59:59.999Z"
"2024-09-15T00:00:00.000Z";"2024-09-15T23:59:59.999Z";"2024-09-15T23:12:00.000Z";"2024-09-15T23:24:00.000Z";"2781";0.9998263668;1.0006542177;0.9996473478;1.0000503864;3316385138.78;35722812129.58;"2024-09-15T23:59:59.999Z"
"2024-09-14T00:00:00.000Z";"2024-09-14T23:59:59.999Z";"2024-09-14T18:15:00.000Z";"2024-09-14T14:27:00.000Z";"2781";1.000092693;1.0006248522;0.9995839222;0.9998924732;3141619291.81;35748436147.55;"2024-09-14T23:59:59.999Z"
"2024-09-13T00:00:00.000Z";"2024-09-13T23:59:59.999Z";"2024-09-13T15:45:00.000Z";"2024-09-13T21:11:00.000Z";"2781";1.0000464066;1.0013126132;0.9993009311;1.000170517;5979995701.71;35771339914.71;"2024-09-13T23:59:59.999Z"
"2024-09-12T00:00:00.000Z";"2024-09-12T23:59:59.999Z";"2024-09-12T13:43:00.000Z";"2024-09-12T21:34:00.000Z";"2781";0.9999562417;1.0014641032;0.9992834297;1.0000132989;5583428255.16;35409914455.77;"2024-09-12T23:59:59.999Z"
"2024-09-11T00:00:00.000Z";"2024-09-11T23:59:59.999Z";"2024-09-11T13:09:00.000Z";"2024-09-11T01:38:00.000Z";"2781";0.9999291023;1.0012100281;0.9993092115;0.9999561367;6194531531.58;35372208037.15;"2024-09-11T23:59:59.999Z"
"2024-09-10T00:00:00.000Z";"2024-09-10T23:59:59.999Z";"2024-09-10T15:13:00.000Z";"2024-09-10T17:12:00.000Z";"2781";0.9999206253;1.0010710182;0.9994792828;0.9999069678;4970979431.06;35337467138.78;"2024-09-10T23:59:59.999Z"
"2024-09-09T00:00:00.000Z";"2024-09-09T23:59:59.999Z";"2024-09-09T14:06:00.000Z";"2024-09-09T16:13:00.000Z";"2781";1.0000538352;1.0011301258;0.9995975684;0.9999124297;6525561297.28;35147751482.75;"2024-09-09T23:59:59.999Z"
"2024-09-08T00:00:00.000Z";"2024-09-08T23:59:59.999Z";"2024-09-08T09:21:00.000Z";"2024-09-08T04:09:00.000Z";"2781";1.0000315554;1.0012793457;0.9996654425;0.9999119026;3426790820.45;35012771108.84;"2024-09-08T23:59:59.999Z"
"2024-09-07T00:00:00.000Z";"2024-09-07T23:59:59.999Z";"2024-09-07T08:48:00.000Z";"2024-09-07T15:12:00.000Z";"2781";1.0000879567;1.0009732666;0.9996906524;0.9999681637;3252565091.59;34956617413.23;"2024-09-07T23:59:59.999Z"
"2024-09-06T00:00:00.000Z";"2024-09-06T23:59:59.999Z";"2024-09-06T19:50:00.000Z";"2024-09-06T19:46:00.000Z";"2781";0.9999693783;1.0012849503;0.9994818735;1.0000557809;10002129981.28;34857225239.57;"2024-09-06T23:59:59.999Z"
"2024-09-05T00:00:00.000Z";"2024-09-05T23:59:59.999Z";"2024-09-05T06:37:00.000Z";"2024-09-05T12:31:00.000Z";"2781";1.0000170683;1.0012089911;0.999540192;1.0000418935;5761221106.69;34921370707.25;"2024-09-05T23:59:59.999Z"
"2024-09-04T00:00:00.000Z";"2024-09-04T23:59:59.999Z";"2024-09-04T03:07:00.000Z";"2024-09-04T06:54:00.000Z";"2781";0.9999844551;1.0012537074;0.9995470412;1.0000148155;6477656832.82;34923024144.68;"2024-09-04T23:59:59.999Z"
"2024-09-03T00:00:00.000Z";"2024-09-03T23:59:59.999Z";"2024-09-03T16:11:00.000Z";"2024-09-03T20:14:00.000Z";"2781";0.999905852;1.0009042719;0.9996959406;0.9999978391;4872467518.92;34653688062.8;"2024-09-03T23:59:59.999Z"
"2024-09-02T00:00:00.000Z";"2024-09-02T23:59:59.999Z";"2024-09-02T10:26:00.000Z";"2024-09-02T00:36:00.000Z";"2781";1.0000128357;1.0012027703;0.9995809066;0.9999326265;4433901471.52;34783785341.6;"2024-09-02T23:59:59.999Z"
"2024-09-01T00:00:00.000Z";"2024-09-01T23:59:59.999Z";"2024-09-01T23:09:00.000Z";"2024-09-01T18:28:00.000Z";"2781";0.9999662476;1.0012399178;0.9993408236;0.9999925326;3944521734.65;34742514868.61;"2024-09-01T23:59:59.999Z"
"2024-08-31T00:00:00.000Z";"2024-08-31T23:59:59.999Z";"2024-08-31T06:56:00.000Z";"2024-08-31T21:47:00.000Z";"2781";1.0000033887;1.0006206102;0.9996656462;0.9999719405;1982580539.1;34722248475.35;"2024-08-31T23:59:59.999Z"
"2024-08-30T00:00:00.000Z";"2024-08-30T23:59:59.999Z";"2024-08-30T15:38:00.000Z";"2024-08-30T12:32:00.000Z";"2781";0.9999401202;1.0012655098;0.9992801253;0.9999716187;6018973038.3;34743364135.14;"2024-08-30T23:59:59.999Z"
"2024-08-29T00:00:00.000Z";"2024-08-29T23:59:59.999Z";"2024-08-29T18:16:00.000Z";"2024-08-29T18:50:00.000Z";"2781";0.9999264709;1.0020380527;0.9996486743;0.9999629853;6251270493.42;34649904697.43;"2024-08-29T23:59:59.999Z"
"2024-08-28T00:00:00.000Z";"2024-08-28T23:59:59.999Z";"2024-08-28T20:33:00.000Z";"2024-08-28T20:22:00.000Z";"2781";1.000000605;1.0014460416;0.9992495773;0.9999187492;7652368988.31;34480918720.97;"2024-08-28T23:59:59.999Z"